0,硬盘安装,"[""硬盘安装就是从硬盘安装XP的系统，可以是一般的系统也可以是GHOST的。适用于没有或者光驱损坏的个人电脑用户。 \n首先要到网上去下一个系统，解压后把文件名字修改为xp（便于在DOS下查找） \n1、GHOST系统时候，重启进入DOS状态下，用UBDOC（超普DOS）或者是矮人DOS（这两个软件必须先下载安装，我用超普DOS），还有就是从光盘进入DOS，假设我们的系统安装程序放在D盘了， \nc:\\_输入d:\\回车，显示D：\\_然后输入smartdrv再次输入smartdrv后回车（加载磁盘加速程序），然后输入CD XP回车，显示D：\\XP\\_然后输入GHOST回车，进入GHOST，在里面用鼠标如果没有加载就用键盘选择，找到from image然后回车一直回车，知道选择yes和no，选择yes，很快就装好了，大约10分，立刻重启。""]","[""硬盘安装是指将软件或操作系统安装到硬盘上的过程。硬盘是电脑的主存储器，通常使用硬盘来安装操作系统和其他软件。在安装硬盘之前，你需要准备好安装介质（通常是光盘或 USB 闪存盘），并按照操作系统的安装向导进行操作。安装完成后，你就可以使用硬盘上的软件了。""]"
1,网际协议,"[""IP指网际互连协议，Internet Protocol的缩写，是TCP/IP体系中的网络层协议。设计IP的目的是提高网络的可扩展性：一是解决互联网问题，实现大规模、异构网络的互联互通；二是分割顶层网络应用和底层网络技术之间的耦合关系，以利于两者的独立发展。根据端到端的设计原则，IP只为主机提供一种无连接、不可靠的、尽力而为的数据包传输服务。""]","[""网际协议 (Internet Protocol, IP) 是一种用于计算机之间在计算机网络中互相通信的协议。它定义了计算机之间如何交换数据包并确定数据包的传输路径。网际协议是互联网的基础协议之一，在互联网上，所有的计算机都使用网际协议来进行通信。""]"
2,外存,"[""外储存器是指除计算机内存及CPU缓存以外的储存器，此类储存器一般断电后仍然能保存数据。常见的外存储器有硬盘、软盘、光盘、U盘等。 \nPC机常见的外存储器有软盘存储器、硬盘存储器、光盘存储器等。磁盘有软磁盘和硬磁盘两种。光盘有只读型光盘CD-ROM、一次写入型光盘WORM和可重写型光盘MO三种。 \n存储器的种类很多，按其用途可分为主存储器和辅助存储器，主存储器又称内存储器（简称内存），辅助存储器又称外存储器（简称外存）。内存储器最突出的特点是存取速度快，但是容量小、价格贵；外存储器的特点是容量大、价格低，但是存取速度慢。内存储器用于存放那些立即要用的程序和数据；外存储器用于存放暂时不用的程序和数据。内存储器和外存储器之间常常频繁地交换信息。外存通常是磁性介质或光盘，像硬盘，软盘，磁带，CD等，能长期保存信息，并且不依赖于电来保存信息，但是由机械部件带动，速度与CPU相比就显得慢的多。 \n软盘：软磁盘使用柔软的聚酯材料制成原型底片，在两个表面涂有磁性材料。常用软盘直径为3.5英寸，存储容量为1.44MB.软盘通过软盘驱动器来读取数据。""]","[""外存是计算机中用来存储数据和程序的设备，其中存储的数据和程序在计算机断电后也不会丢失。常见的外存设备有硬盘驱动器、闪存盘、网络存储器等。 \n外存与内存（也称为 RAM）的区别在于，内存是计算机的主存储器，用来存储当前正在使用的数据和程序，而外存则是辅助存储器，用来存储长期使用的数据和程序。内存的速度比外存要快得多，但是容量比外存要小得多。因此，当计算机运行程序时，程序会先被加载到内存中，然后才能执行。""]"
3,程序流程图,"[""程序流程图又称程序框图，是用统一规定的标准符号描述程序运行具体步骤的图形表示。程序框图的设计是在处理流程图的基础上，通过对输入输出数据和处理过程的详细分析，将计算机的主要运行步骤和内容标识出来。程序框图是进行程序设计的最基本依据，因此它的质量直接关系到程序设计的质量。""]","[""程序流程图是用图形表示程序的逻辑流程和执行顺序的图表。它使用各种图形和符号，如箭头、框、圆圈等，来表示程序中的不同步骤、分支和循环等控制结构。程序流程图可以帮助程序员理解程序的工作原理，并有助于程序设计和调试。""]"
4,控制总线,"[""控制总线（ControlBus）简称CB。控制总线主要用来传送控制信号和时序信号。控制信号中，有的是微处理器送往存储器和输入输出设备接口电路的，比如：读/写信号、片选信号、中断响应信号等；也有是其它部件反馈给CPU的，比如：中断申请信号、复位信号、总线请求信号、设备就绪信号等。因此，控制总线的传送方向由具体控制信号而定，一般是双向的，控制总线的位数要根据系统的实际控制需要而定。实际上控制总线的具体情况主要取决于CPU。 \n控制总线是连接在一起并完成和实现它们之间的通讯与数据传送的，因此总线的概念是理解PC和主板的组成结构、工作原理及部件之间相互关系的基础。这些控制信息包括CPU对内存和输入输出接口的读写信号，输入输出接口对CPU提出的中断请求或DMA请求信号，CPU对这些输入输出接口回答与响应信号，输入输出接口的各种工作状态信号以及其他各种功能控制信号。控制总线来往于CPU、内存和输入输出设备之间。""]","[""控制总线是计算机中一种用于传输控制信息的总线。它连接着计算机的处理器、内存和其他设备，并负责在这些设备之间传输数据和控制信号。控制总线是计算机系统中至关重要的组成部分，它负责协调计算机系统中各个部件之间的通信。""]"
5,布线系统,"[""布线系统是构成以网络为基础的应用系统的重要组成部分。布线系统是网络的基础，一个好的布线系统不但可以充分发挥网络设备的性能，它还应该能够为整个应用系统提供20年甚至更长时间的发展潜力，充分保护用户的投资。主要存在两种模式：传统的布线模式和结构化的布线模式。""]","[""布线系统是指在计算机系统中负责连接各种设备的电线和电缆的组合。布线系统是计算机网络的基础，它通常包括计算机本身、打印机、外部硬盘、路由器和交换机等设备。布线系统可以是有线的，也可以是无线的。无线布线系统使用无线技术，如 Wi-Fi 或 Bluetooth，来连接各种设备。有线布线系统使用电缆或其他有线连接技术来连接设备。布线系统设计得好，可以提高计算机网络的性能和可靠性。""]"
6,客户端,"[""客户端（Client）或称为用户端，是指与服务器相对应，为客户提供本地服务的程序。除了一些只在本地运行的应用程序之外，一般安装在普通的客户机上，需要与服务端互相配合运行。因特网发展以后，较常用的用户端包括了如万维网使用的网页浏览器，收寄电子邮件时的电子邮件客户端，以及即时通讯的客户端软件等。对于这一类应用程序，需要网络中有相应的服务器和服务程序来提供相应的服务，如数据库服务，电子邮件服务等等，这样在客户机和服务器端，需要建立特定的通信连接，来保证应用程序的正常运行。""]","[""客户端（Client）是指在计算机网络中用于向服务器发出请求并获取数据的计算机或程序。客户端通常用于向服务器发出获取数据或服务的请求，服务器则提供这些数据或服务。客户端和服务器之间通过网络进行通信。 \n例如，在浏览网页的情况下，浏览器就是客户端，它向服务器发出请求获取网页，服务器则将网页发送给客户端，客户端再将网页显示给用户。客户端还可以是用于连接到远程计算机的软件，例如远程桌面软件。""]"
7,通信网,"[""通信网是一种使用交换设备、传输设备，将地理上分散用户终端设备互连起来实现通信和信息交换的系统。 \n通信最基本的形式是在点与点之间建立通信系统，但这不能称为通信网，只有将许多的通信系统（传输系统）通过交换系统按一定拓扑结构组合在一起才能称之为通信。也就是说，有了交换系统才能使某一地区内任意两个终端用户相互接续，才能组成通信网。通信网由用户终端设备，交换设备和传输设备组成。交换设备间的传输设备称为中继线路（简称中继线），用户终端设备至交换设备的传输设备称为用户路线（简称用户线）。""]","[""通信网是指计算机、设备或终端之间传输数据的系统。这些设备可以通过各种方式相互连接，例如通过有线电缆或无线信号传输。通信网可以使用各种协议来控制数据传输，这些协议包括互联网协议、串行协议和并行协议等。通信网可以是局域网、广域网或互联网等。""]"
8,电源供应器,"[""电源供应器（电脑电源供应单元，英语：PC Power supply unit，简称PSU或电源），是计算机所有部件供电。香港又称火牛，(乃电牛也，电力供应者，源于早期变压器造型似牛)。电源供应器是电脑的一种电能转换类的电源（有别于电池供电类的电源），负责将标准交流电转成低压稳定的直流电，给电脑内其它的组件所使用。一般的电脑电源供应器都是交换式电源供应器，输入电压自动适应用家所在地点市电参数（而某些产品可能需要用家调整电压切换开关）。 \n现时常用的ATX规格PC电源供应器输入电压一般为100V至250V之间自动适应，输入交流电频率频率50Hz或60Hz，输出12V、5V及3.3V三种稳定的直流电压。最新的ATX规格是2008年中发表的ATX 2.31版。""]","[""电源供应器（Power Supply Unit，简称电源）是计算机的一个重要组成部分，它的主要功能是将电源线上的交流电（AC）转换成计算机所需的直流电（DC），并为计算机的各个部件提供电能。通常情况下，电源供应器会装在计算机的主机箱内，并通过电源线与电源插座连接。""]"
9,对称多处理器,"[""多处理器系统的工作方式分为非对称多处理（asym-metrical mulit-processing）和对称多处理（symmetrical mulit-processing，SMP）两种。在对称多处理器系统中，所有处理器的地位都是相同的，所有的资源，特别是存储器、中断及I/O空间，都具有相同的可访问性，消除了结构上的障碍。""]","[""对称多处理器 (Symmetric Multiprocessing, SMP) 是一种多处理器架构，其中多个 CPU 共享同一个主存储器和其他资源，并且每个 CPU 都可以访问所有的内存地址。这种架构的优势在于，每个 CPU 都可以并行执行任务，从而提高系统的总体性能。 \nSMP 系统通常由若干个物理 CPU 和一个软件层面的调度器组成，调度器负责将任务分配给各个 CPU，并协调各个 CPU 之间的协作。在 SMP 系统中，每个 CPU 都有自己的缓存，但是所有 CPU 都可以访问主存储器中的数据。 \nSMP 架构通常用于服务器和工作站系统，因为它能够提供较高的性能和可扩展性。但是，SMP 系统也存在一些缺点，比如较高的成本和较复杂的硬件和软件设计。""]"
10,软件包,"[""软件包(SoftWare Package)是指具有特定的功能，用来完成特定任务的一个程序或一组程序。可分为应用软件包和系统软件包两大类。应用软件包与特定的应用领域有关，又可分为通用包及专用包两类。通用软件包根据社会的一些共同需求开发，专用软件包则是生产者根据用户的具体需求定制的，可以为适合其特殊需要进行修改或变更。""]","[""软件包是计算机软件的一种封装格式，通常包含一个或多个软件程序、库、文档、配置文件等。软件包的目的是方便用户安装、卸载、管理软件。 \n不同的操作系统有不同的软件包管理器，例如 Windows 使用 MSI 安装包，Linux 使用 dpkg、rpm、apt 等，MacOS 使用 pkg 或者 Homebrew 等。软件包管理器可以自动安装所需的依赖项，并在卸载软件时保留配置文件和数据，使用软件包可以大大简化软件的管理。""]"
11,对话框,"[""在图形用户界面中，对话框（又称对话方块）是一种特殊的视窗, 用来在用户界面中向用户显示信息，或者在需要的时候获得用户的输入响应。之所以称之为“对话框”是因为它们使计算机和用户之间构成了一个对话——或者是通知用户一些信息，或者是请求用户的输入，或者两者皆有。 \n不同的用户交互使用不同的对话框。最简单的对话框是警告，它显示一个信息并且仅仅需要一个信息已读的响应（通常是单击'确定'按钮或“关闭”命令的对话框）。用来为一个操作提供警告和简单的确认，也可能包括程序终止或崩溃的提示，以及用户有意或无意的关闭动作。虽然对于有模式对话框来说，这是个经常性的交互模式，但是由于它被认为在防止非预期的破坏性操作上不够有效以及存在更好的替换方案而遭到可用性专家的批评。显示一般提示信息的对话框，可以设计为提示气泡等形式来避免打断用户操作。""]","[""对话框（Dialog）是指在计算机界面上的一种弹出式窗口，用于向用户提供信息或询问用户的意见。对话框通常包含文本、图标、按钮或其他元素，用于向用户显示信息或提供选项供用户选择。对话框常用于计算机操作系统、应用程序和网站界面设计中。""]"
12,CPAN,"[""CPAN（Comprehensive Perl Archive Network）中译为“Perl综合典藏网”，“Perl综合档案网”或者“Perl程序库”。 \nCPAN logo\n它包含了极多用Perl写成的软件和其文件。 \nCPAN亦是一支Perl程序的名字，其作用是让使用者容易从CPAN下载、安装、更新及管理其他在CPAN上的Perl程式。 \nCPAN的成功引来很多其他编程语言社群的模仿。CTAN和CRAN都参考了CPAN的命名方式。另外PEAR（PHP Extension and Application Repository）也是类似CPAN的PHP程式网站。""]","[""CPAN 是 Comprehensive Perl Archive Network 的缩写，是一个包含许多 Perl 模块和程序的软件库。它是一个存储各种 Perl 模块的网络库，可以让用户轻松地下载和安装这些模块。在 CPAN 上，你可以找到许多用于各种应用的模块，包括 GUI 工具包、数据库接口、文本处理工具和其他许多功能。""]"
13,数据安全治理,"[""《中华人民共和国数据安全法》第四条 维护数据安全，应当坚持总体国家安全观，建立健全数据安全治理体系，提高数据安全保障能力。 \n第十一条　国家积极开展数据安全治理、数据开发利用等领域的国际交流与合作，参与数据安全相关国际规则和标准的制定，促进数据跨境安全、自由流动。 \n《数据出境安全评估办法（征求意见稿）》，规范数据出境活动，保护个人信息权益，维护国家安全和社会公共利益，促进数据跨境安全、自由流动，为跨境数据安全治理提供有效管理办法。 \n数据治理：利用数据驱动业务，实现企业增值。数据治理的智能化程度，决定了企业数字化转型的加速度。数据治理关注于数据本身的组织，使用和传输、业务支撑等场景下的规范、流程等。""]","[""数据安全治理是一种组织内部的管理机制，旨在保护数据安全，并且确保数据能够按照期望的方式使用和保存。它包括制定政策和标准、实施技术措施、监控数据使用情况、培训员工、处理违规行为以及其他相关的活动。数据安全治理的目的是保护数据免受未经授权的访问、使用、披露、损坏或丢失，并且确保数据能够按照期望的方式使用和保存。""]"
14,样本数据,"[""样本数据是针对小样本试验数据的概率分布特征有时无法确定，传统概率统计就无法提供相应的参数估计方法的问题而提出的方法。 \n针对小样本试验数据的概率分布特征有时无法确定，传统概率统计就无法提供相应的参数估计方法的问题。基于灰色关联理论，首先定义了基于试验数据之间的拓扑关系和距离关系的灰色距离测度。通过对灰色距离测度的灰色生成得到小样本数据的参数估计值，并给出了满足一定灰色置信度下的参数置信区间，继而讨论了概率参数估计与灰色参数估计之间的区别。最后利用计算机对小样本试验数据的参数估计进行了仿真举例，示例结果表明所提方法简单合理，能有效地解决小样本数据参数估计的有关问题。 \n样本数据集合中出现频次最高的那个样本值，称为样本众数。在一般情况下，“样本众数”被简称为“众数”。 单一众数是在许多情况下，一个样本数据集合中出现频次最高的样本值只有一个。这时的众数是最普通的众数，称为单一众数。 而复众数就是在一个样本数据集合中。 \n例题：计算平均数和标准差""]","[""样本数据是一组数据，它们可以被用来代表更大的数据集。样本数据通常被用来估计更大数据集中某些属性或指标的值。 \n例如，如果你想知道一个城市的人口平均年龄，你可以对一些城市居民进行调查，然后用调查的结果来估计整个城市的人口平均年龄。这些调查的结果就是样本数据。""]"
15,指针,"[""指针，是C语言中的一个重要概念及其特点，也是掌握C语言比较困难的部分。指针也就是内存地址，指针变量是用来存放内存地址的变量，在同一CPU构架下，不同类型的指针变量所占用的存储单元长度是相同的，而存放数据的变量因数据的类型不同，所占用的存储空间长度也不同。有了指针以后，不仅可以对数据本身，也可以对存储数据的变量地址进行操作。 \n指针描述了数据在内存中的位置，标示了一个占据存储空间的实体，在这一段空间起始位置的相对距离值。在 C/C++语言中，指针一般被认为是指针变量，指针变量的内容存储的是其指向的对象的首地址，指向的对象可以是变量（指针变量也是变量），数组，函数等占据存储空间的实体。""]","[""在计算机编程中，指针是一种特殊的变量，它存储的是某个变量的内存地址。 \n比如说，假设你有一个变量 x，它的值是 10。那么这个变量 x 就有一个内存地址，表示它在计算机内存中的位置。你可以通过定义一个指针来存储这个内存地址。 \n例如，你可以这样定义一个指针： \nCopy code\nint *ptr; \n这表示 ptr 是一个指向 int 类型变量的指针。你可以使用这个指针来存储 x 变量的内存地址，方法是这样的： \nCopy code\nptr = &x; \n这样，ptr 就存储了 x 变量的内存地址。你可以通过指针来访问变量的值，例如： \nCopy code\nint y = *ptr; \n这样，y 就等于 x 的值，即 10。 \n指针在编程中有很多用途，例如实现函数的参数传递、动态内存分配等。""]"
16,IBM PC,"[""IBM PC是IBM个人电脑的缩写，它是IBM PC兼容机硬件平台的原型和前身，其模型号码为5150。1981年8月12日它被引入。它是IBM佛罗里达州博喀拉藤（Boca Raton）的一组工程师和设计师在唐·埃斯特利奇（Don Estridge）的领导下设计的。 \n“微型”和“家用电脑”,在1981年个人\""计算机\""已经在使用之前。它是用于描述早在1972年施乐帕洛阿尔托研究中心的女低音。然而,因为成功的IBM的个人电脑,电脑就意味着更明确的微型计算机兼容IBM的PC机系列产品。""]","[""IBM PC 是 IBM 公司在 1981 年推出的一款计算机。这款计算机很快就成为了个人计算机的行业标准，并对后来的计算机行业产生了深远的影响。IBM PC 的操作系统是 MS-DOS，它的处理器是 Intel 8088，内存容量是 16KB。IBM PC 的成功使得 IBM 公司成为了个人计算机领域的领导者，并为其他厂商打开了个人计算机市场的大门。""]"
17,windows mobile,"[""Windows Mobile（简称：WM）是微软针对移动设备而开发的操作系统。该操作系统的设计初衷是尽量接近于桌面版本的Windows，微软按照电脑操作系统的模式来设计WM，以便能使得WM与电脑操作系统一模一样。WM的应用软件以Microsoft Win32 API为基础。新继任者Windows Phone操作系统出现后，Windows Mobile系列正式退出手机系统市场。2010年10月，微软宣布终止对WM的所有技术支持。""]","[""Windows Mobile是微软公司为移动电话和平板电脑开发的操作系统。它具有与桌面版Windows类似的用户界面和功能，并提供了与桌面版Windows相同的应用程序接口，使开发人员能够轻松地将桌面应用程序移植到移动设备上。 Windows Mobile还提供了许多特定于移动设备的功能，例如联系人管理、日历、电子邮件客户端和移动浏览器。 \nWindows Mobile是微软的一个重要的移动设备平台，但它已经停止更新并被更新版本取代，例如Windows Phone和Windows 10 Mobile。 如果您正在使用Windows Mobile设备，建议您考虑升级到最新版本，以获得更好的安全性和功能。""]"
18,预处理器,"[""预处理器是在真正的编译开始之前由编译器调用的独立程序。预处理器可以删除注释、包含其他文件以及执行宏（宏macro是一段重复文字的简短描写）替代。 \n预处理器可由语言（如C，PHP）要求或以后作为提供额外功能（诸如为FORTRAN提供Ratfor预处理器）的附加软件。 \n在计算机科学中，预处理器是程序中处理输入数据，产生能用来输入到其他程序的数据的程序。输出被称为输入数据预处理过的形式，常用在之后的程序比如编译器中。所作处理的数量和种类依赖于预处理器的类型，一些预处理器只能够执行相对简单的文本替换和宏展开，而另一些则有着完全成熟的编程语言的能力。 \n一个来自计算机编程的常见的例子是在进行下一步编译之前，对源代码执行处理。在一些计算机语言（例如：C语言）中有一个叫做预处理的翻译阶段。""]","[""预处理器是一种编译器，它在编译程序之前处理文本文件。预处理器主要用于处理程序中的宏定义和条件编译，也可以用于包含其他文件、执行文本替换和执行其他类似的任务。 \n宏定义是一种预处理指令，它允许程序员在代码中使用宏名称来代表预定义的代码片段。这样，在程序编译时，预处理器会将宏名称替换为预定义的代码片段。 \n条件编译是一种预处理指令，允许程序员根据宏定义的值来决定是否编译代码片段。这样，在程序编译时，预处理器会根据宏定义的值来决定是否编译代码片段。 \n在大多数编程语言中，预处理器是一种可选功能，程序员可以选择使用它来简化程序的编写和维护。但是，在一些语言中，预处理器是必需的，因为这些语言本身并没有提供宏定义和条件编译等功能。""]"
19,Fortran,"[""公式翻译器，是FormulaTranslation的中文翻译，它是世界上最早出现的计算机高级程序设计语言的翻译器，广泛应用于科学和工程计算领域。FORTRAN语言翻译器以其特有的功能在数值、科学和工程计算领域发挥着重要作用。""]","[""Fortran是一种高级编程语言，主要用于科学计算和工程应用。它的名字来自\""Formula Translation\""，意思是公式翻译。Fortran语言最初是由IBM公司开发的，最初是用于科学和工程计算的。Fortran语言非常适合用于处理大量数学运算，因此在科学和工程领域得到了广泛应用。 Fortran语言有很多版本，最早的版本叫做Fortran I，后来又有Fortran II、Fortran IV、Fortran 77和Fortran 90等版本。随着时间的推移，Fortran语言也不断发展，最新的版本是Fortran 2003。""]"
20,图形协处理器,"[""图形协处理器是专门设计用来加快高分辨视频图像的处理和显示速度的微处理器。含有图形协处理器的图形加速板可以加快图形用户界面的显示速度，通过将图形处理任务从CPU上转移到协处理器上，图形加速板可极大的提高系统显示Windows和 Windows 应用程序的能力。""]","[""图形协处理器（Graphics Processing Unit，缩写为GPU）是一种专门用于处理图形和图像的芯片。它通常被用在桌面电脑、游戏机、工作站和手机等设备中。GPU能够进行大量的并行计算，使得它能够快速地渲染图形和图像。它的出现大大提高了计算机的图形处理能力，使得计算机可以做到流畅地运行图形密集型的应用，如游戏、视频编辑和三维动画等。""]"
21,计算机硬件,"[""硬件（英文名Hardware）是计算机硬件的简称（中国大陆及香港用语，台湾叫作:硬体），是指计算机系统中由电子，机械和光电元件等组成的各种物理装置的总称。这些物理装置按系统结构的要求构成一个有机整体为计算机软件运行提供物质基础。 \n简而言之，硬件的功能是输入并存储程序和数据，以及执行程序把数据加工成可以利用的形式。从外观上来看，微机由主机箱和外部设备组成。主机箱内主要包括CPU、内存、主板、硬盘驱动器、光盘驱动器、各种扩展卡、连接线、电源等；外部设备包括鼠标、键盘等。""]","[""计算机硬件是指计算机的物理部件，包括中央处理器（CPU）、主板、内存、硬盘、显示器、键盘、鼠标等。这些硬件设备是计算机的基本组成部分，能够运行软件并完成各种任务。计算机硬件是计算机系统的基础，它能够与计算机软件配合工作，为用户提供快速、准确的计算能力。""]"
22,5G基站,"[""5G基站是5G网络的核心设备，提供无线覆盖，实现有线通信网络与无线终端之间的无线信号传输。基站的架构、形态直接影响5G网络如何部署。由于频率越高，信号传播过程中的衰减也越大，5G网络的基站密度将更高。 \n截至2022年5月，中国已建成5G基站近160万个，成为全球首个基于独立组网模式规模建设5G网络的国家。 \n2022年7月23日消息，国务院新闻办公室举行了国务院政策例行吹风会，工业和信息化部消费品工业司司长何亚琼表示，千兆光网和5G为代表的“双千兆”网络是新型基础设施的重要支撑，也是智能家电应用发展的关键环节。截至11月末，5G基站总数达228.7万个。""]","[""5G基站是指为提供5G移动通信服务而建立的基站。5G基站是5G网络中的重要组成部分，它负责接收和发送5G信号，并将信号转发给手机或其他设备。5G基站的设计比4G基站更复杂，因为它需要支持更高的带宽和更快的数据传输速度。5G基站也可以使用更高的频率范围，这使得它们能够提供更好的覆盖范围。""]"
23,分布式系统,"[""分布式系统（distributed system）是建立在网络之上的软件系统。正是因为软件的特性，所以分布式系统具有高度的内聚性和透明性。因此，网络和分布式系统之间的区别更多的在于高层软件（特别是操作系统），而不是硬件。""]","[""分布式系统是一种由多台计算机组成的系统，它们之间通过网络相互连接，协同工作，共同完成某个任务。分布式系统的计算机之间可以在物理上分布在不同的地方，也可以在同一地方。分布式系统的优点在于可以提高系统的可用性和可扩展性，同时可以提高系统的运算能力和处理能力。分布式系统的缺点在于系统的复杂度会增加，系统的维护和管理也会变得困难。""]"
24,MS-DOS操作系统,"[""MS-DOS（微软磁盘操作系统），是美国微软公司提供的磁盘操作系统。在美国微软公司推出Windows1.0、Windows3.0、1995年8月24日推出的操作系统Windows 95以前，磁盘操作系统是IBM PC及兼容机中的最基本配备，而MS-DOS则是个人电脑中最普遍使用的磁盘操作系统之一。 \n最基本的MS-DOS系统由一个基于主引导记录(硬盘才有主引导记录，软碟没有主引导记录）启动磁区位于第0轨的磁区中，内容上与硬盘的MBR略有不同的BOOT引导程序和三个文件模块组成。这三个模块是输入输出模块(IO.SYS）、文件管理模块（MSDOS.SYS）及命令解释模块。（不过在MS-DOS 7.0中，MSDOS.SYS被改为启动配置文件，而IO.SYS增加了MSDOS.SYS的功能）除此之外，微软还在零售的MS-DOS系统包中加入了若干标准的外部程序（即外部命令），这才与内部命令一同构建起一个在磁盘操作时代相对完备的人机交互环境。有关MS-DOS的各种命令，请参见MS-DOS命令列表。 \nMS-DOS使用者可通过编辑2个位于开机磁盘根目录的系统档案来达到调控系统组态之目的，它们分别是CONFIG.SYS及AUTOEXEC.BAT，IO.SYS会检视CONFIG.SYS以加载指定的硬体驱动程序，则自动执行AUTOEXEC.BAT所载的批次指令。 \nMS-DOS一般使用命令行界面来接受用户的指令，不过在后期的MS-DOS版本中，DOS程序也可以通过调用相应的DOS中断来进入图形模式，即DOS下的图形界面程序。 \n早先版本的MS-DOS不支持FAT32、长文件名和大硬盘。从MS-DOS 7.0开始，尤其是MS-DOS 7.10版本则已全面支持这些。""]","[""MS-DOS（Microsoft Disk Operating System）是一种基于命令行的操作系统，是微软公司出品的第一种操作系统。它曾经是个人电脑（PC）中最流行的操作系统之一，在 1980 年代和 1990 年代广泛使用。MS-DOS 提供了一些基本的命令，可以用来执行文件操作、磁盘管理以及系统配置等任务。随着 Windows 操作系统的普及，MS-DOS 逐渐淡出了主流，但仍有许多人在使用这种操作系统。""]"
25,互联网传真,"[""网络传真（Network fax）是基于PSTN（电话交换网）和互联网络的传真存储转发，也称电子传真。它整合了电话网、智能网和互联网技术。原理是通过互联网将文件传送到传真服务器上，由服务器转换成传真机接收的通用图形格式后，再通过PSTN发送到全球各地的普通传真机上。""]","[""互联网传真（Internet Fax）是一种通过互联网来发送和接收传真的技术。传统的传真机通过电话线来发送传真，而互联网传真则是通过互联网来进行传输。使用互联网传真的优点是可以在任何地方，任何时候通过电子邮件或网站来发送和接收传真，而且通常比使用传统传真机要方便和快捷。""]"
26,显存,"[""显存，也被叫做帧缓存，它的作用是用来存储显卡芯片处理过或者即将提取的渲染数据。如同计算机的内存一样，显存是用来存储要处理的图形信息的部件。 \n显存\n如同计算机的内存一样，显存是用来存储要处理的图形信息的部件。我们在显示屏上看到的画面是由一个个的像素点构成的，而每个像素点都以4至32甚至64位的数据来控制它的亮度和色彩，这些数据必须通过显存来保存，再交由显示芯片和CPU调配，最后把运算结果转化为图形输出到显示器上。显存和主板内存一样，执行存贮的功能，但它存贮的对像是显卡输出到显示器上的每个像素的信息。显存是显卡非常重要的组成部分，显示芯片处理完数据后会将数据保存到显存中，然后由RAMDAC（数模转换器）从显存中读取出数据并将数字信号转换为模拟信号，最后由屏幕显示出来。在高级的图形加速卡中，显存不仅用来存储图形数据，而且还被显示芯片用来进行3D函数运算。在nVIDIA等高级显示芯片中，已发展出和CPU平行的“GPU”（图形处理单元）。“T&L”（变形和照明）等高密度运算由GPU在显卡上完成，由此更加重了对显存的依赖。由于显存在显卡上所起的作用，显然显存的速度和带宽直接影响到显卡的整体速度。显存作为存贮器也和主板内存一样经历了多个发展阶段，甚至可以说显存的发展比主板内存更为活跃，并有着更多的品种和类型。被广泛使用的显存类型是SDRAM和SGRAM，性能更加优异的DDR内存首先被应用到显卡上，促进了显卡整体性能的提高。DDR以在显卡上的成功为先导，全面发展到了主板系统，一个DDR“独领风骚三两年”的时代即将呈现在世人面前。 \n显卡是主板上一个BGA封装的chipset，类似于CPU（Central Processing Unit），业内叫GPU(Graphics Processing Unit），市场上主要有nVIDIA和AMD两个厂商。图形芯片相当于显卡的CPU，不过它的主要任务是处理显示信息，在处理信息的过程中，它会产生大量的临时数据（未处理的、正在处理的、已经处理完成的），这就需要一个专门的地方来存放这些临时数据，那就是显存了，它也可能是一个芯片，也可能只是芯片的一部分，这要看硬件的设计（独立显卡和集成显卡）。至于察看显存大小。在开机时候一般都有显示，也可以在桌面上点击属性--设置--高级--适配器--查看“内存大小”（XP系统）；或在桌面上右键--屏幕分辨率--高级设置--适配器，查看适配器信息即可（Win7系统）。 \nPCB：就是印刷电路板（Printed circuit board，PCB）。它几乎会出现在每一种电子设备当中。如果在某样设备中有电子零件，它们都是镶在大小各异的PCB上的。除了固定各种小零件外，PCB的主要功能是提供上头各项零件的相互电气连接。随着电子设备越来越复杂，需要的零件自然越来越多，PCB上头的线路与零件也越来越密集了。裸板（上头没有零件）也常被称为“印刷线路板Printed Wiring Board（PWB）”。板子本身的基板是由绝缘隔热、并不易弯曲的材质所制作成。在表面可以看到的细小线路材料是铜箔，原本铜箔是覆盖在整个板子上的，而在制造过程中部份被蚀刻处理掉，留下来的部份就变成网状的细小线路了。这些线路被称作导线（conductor pattern）或称布线，并用来提供PCB上零件的电路连接。通常PCB的颜色都是绿色或是棕色，这是阻焊漆（solder mask）的颜色。是绝缘的防护层，可以保护铜线，也可以防止零件被焊到不正确的地方。在阻焊层上还会印刷上一层丝网印刷面（silk screen）。通常在这上面会印上文字与符号（大多是白色的），以标示出各零件在板子上的位置。丝网印刷面也被称作图标面（legend）。""]","[""显存（英文名称：Video Memory）是计算机系统中专门用来储存图形信息的内存。显卡（Graphics Card）是计算机中处理图形信息的硬件设备，显存就是显卡的一部分，是显卡内部的图形信息储存空间。 \n当您在电脑上进行图像处理或玩游戏时，显卡会把图像信息加载到显存中，然后通过显示器输出到屏幕上。显存的容量越大，显卡就能处理越多的图形信息，图像显示效果也就越好。显存也是确定显卡性能的一个重要指标。""]"
27,数字媒体技术,"[""数字媒体技术是一门普通高等学校本科专业，属计算机类专业，基本修业年限为四年，授予工学学士学位。 \n该专业主要研究与数字媒体信息的获取、处理、存储、传播、管理、安全、输出等相关的理论、方法、技术与系统，是包括计算机技术、通信技术和信息处理技术等各类信息技术的综合应用技术，其所涉及的关键技术及内容主要包括数字信息的获取与输出技术、数字信息存储技术、数字信息处理技术、数字传播技术、数字信息管理与安全等。""]","[""数字媒体技术是一种技术，可以用数字方式存储、处理和传输媒体内容，如图像、音频、视频等。这种技术可以使用计算机、手机、平板电脑等设备进行媒体内容的播放、创建和编辑。数字媒体技术的应用非常广泛，可以用于娱乐、教育、广告、新闻和其他领域。""]"
28,MIPS架构,"[""MIPS架构（英语：MIPS architecture，为Microprocessor without interlocked piped stages architecture的缩写，亦为Millions of Instructions Per Second的双关语），是一种采取精简指令集（RISC）的处理器架构，1981年出现，由MIPS科技公司开发并授权，广泛被使用在许多电子产品、网络设备、个人娱乐装置与商业装置上。最早的MIPS架构是32位，最新的版本已经变成64位。""]","[""MIPS架构是一种计算机处理器的架构。它是一种寄存器-寄存器架构，意味着它的指令集是基于一组内置的寄存器来实现的。MIPS架构的计算机通常具有高度精简的指令集，使其能够高效地执行基本的数学运算和逻辑操作。它曾经广泛用于嵌入式系统和游戏机，但现在也用于其他应用。""]"
29,网络传输,"[""网络传输是指用一系列的线路（光纤，双绞线等）经过电路的调整变化依据网络传输协议来进行通信的过程。其中网络传输需要介质，也就是网络中发送方与接收方之间的物理通路，它对网络的数据通信具有一定的影响。常用的传输介质有：双绞线、同轴电缆、光纤、无线传输媒介。网络协议即网络中（包括互联网）传递、管理信息的一些规范。 \n如同人与人之间相互交流是需要遵循一定的规矩一样，计算机之间的相互通信需要共同遵守一定的规则，这些规则就称为网络协议。网络协议通常被分为几个层次，通信双方只有在共同的层次间才能相互联系。""]","[""网络传输是指通过计算机网络将数据从一台计算机发送到另一台计算机的过程。这通常涉及到使用网络协议（如 TCP/IP）来确保数据在传输过程中不会丢失或损坏。网络传输可以通过有线或无线方式进行，可以在局域网内或互联网上进行。网络传输对于计算机通信和数据共享非常重要，在现代社会中几乎所有的业务和活动都依赖于它。""]"
30,执行单元,"[""执行单元是机器学习系统关键组成部分之一，用于处理系统面临的现实问题，即应用学习到的知识求解问题，如定理证明、智能控制、自然语言处理、机器人行动规划等；和用于验证、评价执行环节的效果，如结论的正确性等。""]","[""执行单元是指在计算机中能够独立执行指令的单位。在计算机的中央处理器（CPU）中，执行单元是用来执行指令的部件。它通常负责从存储器中取出指令，解码指令并执行指令指示的操作。执行单元是计算机系统中执行指令的核心部件，负责执行计算机程序的指令。""]"
31,刀片服务器,"[""刀片服务器是指在标准高度的机架式机箱内可插装多个卡式的服务器单元，是一种实现HAHD(High Availability High Density，高可用高密度)的低成本服务器平台，为特殊应用行业和高密度计算环境专门设计。刀片服务器就像“刀片”一样，每一块“刀片”实际上就是一块系统主板。""]","[""刀片服务器是一种计算机服务器，它具有许多组件（称为“刀片”），可以通过单个机箱进行管理和使用。刀片服务器通常由一个机箱、一个或多个刀片插槽、一个电源模块、一个网络接口和一个管理控制器组成。 \n刀片插槽中的刀片包含计算机的主要组件，如处理器、内存和存储器。每个刀片都是一个独立的计算机，可以单独运行操作系统和应用程序。刀片服务器的优势在于，它可以在单个机箱中进行扩展，并且可以灵活地管理资源。它还可以通过使用虚拟化技术，在单个刀片上运行多个虚拟机。 \n刀片服务器通常用于数据中心和企业环境，因为它们可以提供高性能、高可用性和高容量存储。""]"
32,兆比特,"[""时间内传输数据的平均比特数，其单位是比特每秒(bps),或千比特每秒(Kbps),或兆比特每秒(Mbps),其换算关系为：1Kbps=1024bps,1Mbps=1024*1024bps（有时为了计算简单记作1Kbps=1000bps,1Mbps=1000000bps）。数据传输速率反映了终端设备之间的信息处理能力，它是一段时间的平均值。""]","[""兆比特（MegaBit）是一个单位，用于衡量数据传输速率。兆比特通常用来描述计算机网络、互联网连接或数据传输设备的带宽。 \n一个兆比特等于 1,000,000 位（bit）。因此，兆比特是位的千倍。这个单位通常用于描述数据传输速率，例如计算机网络的带宽或互联网连接的速度。 \n例如，如果你的互联网连接速度是 50 兆比特每秒，这意味着你的设备能够以每秒 50,000,000 位的速度接收数据。""]"
33,嵌入式系统,"[""嵌入式系统由硬件和软件组成．是能够独立进行运作的器件。其软件内容只包括软件运行环境及其操作系统。硬件内容包括信号处理器、存储器、通信模块等在内的多方面的内容。相比于一般的计算机处理系统而言，嵌入式系统存在较大的差异性， 它不能实现大容量的存储功能，因为没有与之相匹配的大容量介质，大部分采用的存储介质有E-PROM、EEPROM 等， 软件部分以API编程接口作为开发平台的核心。""]","[""嵌入式系统是一种特殊的计算机系统，它被设计用于控制或协调机械或电子系统的运行。嵌入式系统通常比一般的计算机系统小巧，并且具有较低的功耗。它们通常被集成到设备或产品中，如汽车、手机、家用电器、工业自动化设备等。嵌入式系统通常具有特定的功能，并且专门针对某个应用领域进行设计。""]"
34,集中抄表系统,"[""集中抄表系统是浙江工泰仪器仪表有限公司，在原系统上经过重新开发研制的系统，专门针对中国民用电网情况而设计采用先进的数据调制解调技术，在通讯性能上有了本质的提高。 \n它是通过低压电力载波技术和连接到用户电表的数据采集器（采集模块）或采集终端，利用现有的电力线作为通道服务器来实现广泛区域的自动抄表工作；同时系统具有较强的兼容性和可扩充性。如果用户已有现成的局域自动抄表网络，本系统的“主站”可作为一个工作站来看待，对于一个较大的电力公司，便可以设置多个“主站”而同时每个主站对于整个系统而言，具有统一性和相对独立性。 \n集中器是以配电变压器为单位而设置的，这样每个配电台区就是一个子系统，而集中器则是这个子系统的主站端。集中器经低压电力线管理低压侧的所有设备（采集模块和采集终端）。通常用户可选择电话网方式或GSM通信方式。 \n系统提供灵活的构建方式，对于电表分散安装的场合采用采集模块方式，而电表集中的安装场合（多个电表安装在一个计量箱内）采用采集终端方式，可适当降低成本（采用此方式电表必须有脉冲输出的电表）。系统还可支持两种方式的混装。用户可根据需要来组建自己需要的系统。""]","[""集中抄表系统是一种用于收集、存储、分析和管理电表数据的系统。它通常由一个中央服务器和若干个现场设备组成，现场设备通过各种方式（如无线通信、蓝牙、GPRS等）将电表数据实时传输到中央服务器，中央服务器负责对数据进行存储、分析和管理。集中抄表系统可以帮助用户实现对电表数据的实时监测和管理，并且可以通过报表、图表等方式展示数据，方便用户进行分析和决策。""]"
35,小型机,"[""小型机是指采用精简指令集处理器，性能和价格介于PC服务器和大型主机之间的一种高性能 64 位计算机。国外小型机对应英文名是minicomputer和midrange computer。midrange computer是相对于大型主机和微型机而言，该词汇被国内一些教材误译为中型机，minicomputer一词是由DEC公司于1965年创造。在中国，小型机习惯上用来指UNIX服务器。1971年贝尔实验室发布多任务多用户操作系统UNIX，随后被一些商业公司采用，成为后来服务器的主流操作系统。该服务器类型主要用于金融证券和交通等对业务的单点运行具有高可靠性的行业应用。""]","[""小型机（mini computer）是一种计算机系统，它以比个人电脑更小的体积，更低的价格，更高的性价比而闻名。小型机通常比个人电脑具有更大的存储容量和更强的处理能力，适用于企业或组织的数据处理、网络管理和其他商业应用。小型机通常有更高的可靠性和更多的扩展性，能够支持多个用户同时访问和使用。""]"
36,内存分配,"[""内存分配是指在程序执行的过程中分配或者回收存储空间的分配内存的方法。内存分配方法有静态内存分配和动态内存分配两种。 \n计算机主板上640KB以下的存储空间。DOS的系统程序和用户的应用程序都要使用这片空间。 \n计算机主板上640KB以上的存储空间。这部分空间DOS不能直接管理，而是要通过扩展内存管理程序HIMEM.SYS来使用这部分内存。 \n插在计算机主板的扩充槽中的内存扩充板上的那部分存储器，它们是通过EMS.SYS程序来管理的。""]","[""内存分配是指系统为程序分配内存的过程。在计算机中，内存是程序运行所必需的一种资源，因此操作系统必须为程序分配内存，以便它们能够正常运行。 内存分配可以在运行时进行，也可以在编译时进行。在运行时进行内存分配的方式称为动态内存分配，而在编译时进行内存分配的方式称为静态内存分配。""]"
37,光子计算机,"[""光子计算机是一种由光信号进行数字运算、逻辑操作、信息存贮和处理的新型计算机。它由激光器、光学反射镜、透镜、滤波器等光学元件和设备构成，靠激光束进入反射镜和透镜组成的阵列进行信息处理，以光子代替电子，光运算代替电运算。光的并行、高速，天然地决定了光子计算机的并行处理能力很强，具有超高运算速度。光子计算机还具有与人脑相似的容错性，系统中某一元件损坏或出错时，并不影响最终的计算结果。光子在光介质中传输所造成的信息畸变和失真极小，光传输、转换时能量消耗和散发热量极低，对环境条件的要求比电子计算机低得多。随着现代光学与计算机技术、微电子技术相结合，在不久的将来，光子计算机将成为人类普遍的工具。""]","[""光子计算机是一种使用光子（光的粒子）而不是电子来进行计算的计算机。光子具有较高的传输速率和较小的功率消耗，因此使用光子计算机可以获得更快的计算速度和更高的能效。目前，光子计算机仍处于研发阶段，但有望在未来成为主流计算机技术。""]"
38,主机系统,"[""主机系统，适用于商业方面服务器对主机主要参数的描述，一般指的是主机参数与安全稳定方面的参数的集合体，包含：CPU 、主板芯片组、 内存、扩展槽、扩展坞、以及磁盘的阵列方式（安全稳定方面）、网络适配器、安防设备等等，是衡量一个服务器主要性能的参数。 另指网络上为其它系统或客户提供网络、打印机、数据库等服务的计算机或计算机群（广义范畴）。 \n主机系统是一类单台可支持8颗以上处理器的高端服务器系统，是包括大型硬件平台和操作系统的一体化方案，具有强大的事务处理能力和极高的可用性，联机事务处理能力一般在几百万到几千万级别，可用性高达99.999%，是金融交易、航空进出港等大型关键业务应用不可替代的运行平台。""]","[""主机系统是指用于控制计算机硬件资源和管理计算机运行的软件系统。它包括计算机硬件的驱动程序、操作系统内核、各种系统服务以及用户界面等组件。主机系统负责控制计算机硬件，包括中央处理器、内存、磁盘和网络设备等，并为用户和其他软件程序提供服务。例如，当你运行一个应用程序时，主机系统负责分配计算机硬件资源，如内存和 CPU 时间，以便应用程序能够正常运行。""]"
39,运算符,"[""运算符用于执行程序代码运算，会针对一个以上操作数项目来进行运算。例如：2+3，其操作数是2和3，而运算符则是“+”。在vb2005中运算符大致可以分为5种类型：算术运算符、连接运算符、关系运算符、赋值运算符和逻辑运算符。""]","[""在计算机编程中，运算符是一种特殊的符号，用于执行数学运算或逻辑操作。运算符可以是算术运算符、关系运算符、位运算符、逻辑运算符等。 \n算术运算符包括加法、减法、乘法、除法和取模运算符。 \n关系运算符用于比较两个值，包括大于、小于、等于、不等于等。 \n位运算符用于对二进制数进行位运算，包括位与、位或、位异或和位非运算符。 \n逻辑运算符用于执行布尔逻辑运算，包括逻辑与、逻辑或和逻辑非运算符。 \n例如，在 C 语言中，你可以使用如下运算符： \nCopy code\n// 算术运算符\na + b   // 加法\na - b   // 减法\na * b   // 乘法\na / b   // 除法\na % b   // 取模\n\n// 关系运算符\na > b   // 大于\na < b   // 小于\na == b  // 等于\na != b  // 不等于\n\n// 位运算符\na & b   // 位与\na | b   // 位或\na ^ b   // 位异或\n~a      // 位非\n\n// 逻辑运算符\na && b  // 逻辑与\na || b  // 逻辑或\n!a      // 逻辑非 \n不同的编程语言可能会有稍有不同的""]"
40,屏幕,"[""屏幕是一种用于显示图像及色彩的设备或者电器。它分为银幕和荧幕，也称显示屏。广泛应用于手机、电脑、显示器、电视以及具有图像或者文字显示功能的设备上。 \n投影仪显示幕布 \n屏幕也称显示屏，荧幕尺寸依荧幕对角线计算，通常以英寸（inch）作单位，指荧幕对角的长度。常用的显示屏又有标屏（窄屏）与宽屏，标屏宽高比为 4:3（还有少量比例为 5:4），宽屏宽高比为 16:10 或 16:9。 \n显示器\n显像管壳的一个组成部分。里层涂有荧光粉，当电子撞击屏幕时就发出光点，可显示出波形或图像，BSV液晶拼接技术采取LED背光实现色彩均匀显示等；""]","[""屏幕是计算机的一种外部输出设备，通常是一个平板电视或显示器，用来显示计算机的输出信息，包括文本、图像、视频等。屏幕通常通过视频卡和显示器的连接线与计算机相连，可以通过显示器的菜单进行调节，例如调节亮度、对比度、色彩、分辨率等。""]"
41,触屏,"[""用手指或其它物体触摸安装在显示器前端的触摸屏，然后系统根据手指触摸的图标或菜单位置来定位选择信息输入触摸屏由触摸检测部件和触摸屏控制器组成。 \n为了操作上的方便，人们用触摸屏来代替鼠标或键盘工作时，；触摸检测部件安装在显示器屏幕前面，用于检测用户触摸位置，接受后送触摸屏控制器；而触摸屏控制器的主要作用是从触摸点检测装置上接收触摸信息，并将它转换成触点坐标，再送给CPU，它同时能接收CPU发来的命令并加以执行。 \n1971年，在美国一所大学当讲师的山姆·赫斯特在自家小作坊里制作出最早的触摸屏。当年，山姆因工作关系每天要处理大量图形数据，因而不胜其烦，他想发明一种能提高工作效率的设备，通过把图形放在平板上或者用笔在平板上施加压力就能将图像数据保存起来。于是就有了最早的触摸屏“AccuTouch”。1973年，美国《工业研究》杂志将触摸屏技术评为“最重要的100项新技术产品”之一，并预言这种技术将得到广泛运用。在这100项被看好的技术产品中，还有当时并不起眼如今同样广为应用的鼠标和硬盘等。之后，山姆成立了自己的公司，并于西门子合作，开发了一系列用于军事电子产品，如雷达和军用监控装备的触摸屏。直到1982年，山姆的公司在美国消费电子展览会上展出了33台安装了触摸屏的电视机，平民百姓才第一次亲手“摸”到神奇的触摸屏，引起巨大轰动。 \n摘自2011年7月9日第2483期《环球时报》第5版科技环保专栏。""]","[""触屏是一种用于输入信息的计算机输入设备，它允许用户通过触摸屏幕的方式与计算机进行交互。触屏屏幕通常由一块平板显示器和一层触摸感应器组成，当用户触摸屏幕时，触摸感应器会检测到触摸事件并将信息发送给计算机。触屏可以用于各种电子设备，包括智能手机、平板电脑、触摸屏显示器等。""]"
42,集成开发环境,"[""集成开发环境（IDE，Integrated Development Environment ）是用于提供程序开发环境的应用程序，一般包括代码编辑器、编译器、调试器和图形用户界面等工具。集成了代码编写功能、分析功能、编译功能、调试功能等一体化的开发软件服务套。所有具备这一特性的软件或者软件套（组）都可以叫集成开发环境。如微软的Visual Studio系列，Borland的C++ Builder、Delphi系列等。该程序可以独立运行，也可以和其它程序并用。IDE多被用于开发HTML应用软件。例如，许多人在设计网站时使用IDE（如HomeSite、DreamWeaver等），因为很多项任务会自动生成。""]","[""集成开发环境（Integrated Development Environment，简称 IDE）是一种软件应用程序，旨在为软件开发人员提供一个集成的工作环境。它通常包含了许多不同的工具，例如代码编辑器、调试器、编译器、版本控制系统、集成测试工具等，帮助开发人员更高效地开发软件。集成开发环境有助于简化软件开发流程，并且可以与其他工具和服务集成使用，提高开发效率。""]"
43,数据采集卡,"[""数据采集是指对设备被测的模拟或数字信号，自动采集并送到上位机中进行分析、处理。数据采集卡，即实现数据采集功能的计算机扩展卡，可以通过USB、PXI、PCI、PCI Express、火线（1394）、PCMCIA、ISA、Compact Flash、485、232、以太网、各种无线网络等总线接入计算机。""]","[""数据采集卡是一种电子设备，它能够采集来自各种传感器或仪器的数据，并通过电脑或其他设备将这些数据传输到计算机中。数据采集卡通常用于工业控制、测试和测量等应用中，能够帮助用户更加精确地收集和分析数据。""]"
44,计算机学科,"[""计算机学科即计算机科学与技术，是研究计算机的设计与制造和利用计算机进行信息获取、表示、存储、处理、控制等的理论、原则、方法和技术的学科。方法论是对计算机领域认识和实践过程中的一般方法及其性质特点、内在联系和变化规律进行系统研究的理论总结。""]","[""计算机学科是一门涉及计算机系统的知识，包括计算机硬件和软件的理论、设计、开发、应用和维护的学科。它涵盖了计算机系统的各个方面，包括计算机结构、计算机网络、计算机软件、计算机编程、计算机数学、计算机安全等。计算机学科的发展与人类社会的发展密切相关，在当今社会中扮演着越来越重要的角色。""]"
45,PowerPC,"[""PowerPC（英语：Performance Optimization With Enhanced RISC – Performance Computing，有时简称PPC）是一种精简指令集（RISC）架构的中央处理器（CPU），其基本的设计源自IBM的POWER（Performance Optimized With Enhanced RISC；《IBM Connect电子报》2007年8月号译为“增强RISC性能优化”）架构。POWER是1991年，Apple、IBM、Motorola组成的AIM联盟所发展出的微处理器架构。PowerPC是整个AIM联盟平台的一部分，并且是唯一的一部分。但苹果电脑自2005年起，将旗下电脑产品转用Intel CPU。 \nPowerPC的历史可以追溯到早在1990年随RISC System/6000一起被介绍的IBM POWER架构。该设计是从早期的RISC架构（比如IBM 801）与MIPS架构的处理器得到灵感的。 \n1990年代，IBM、Apple和Motorola开发PowerPC芯片成功，并制造出基于PowerPC的多处理器计算机。PowerPC架构的特点是可伸缩性好、方便灵活。第一代PowerPC采用0.6微米制程，晶体管达到单芯片300万个。""]","[""PowerPC是一种处理器架构，由苹果公司、IBM和Motorola三家公司联合开发。PowerPC处理器曾广泛用于苹果公司的计算机、游戏机和工业设备中。PowerPC处理器架构被设计用于高性能计算，并且能够运行多种操作系统，包括Linux和Windows。PowerPC处理器架构已经被苹果公司放弃，现在主要使用的是Intel的处理器。""]"
46,系统论,"[""系统论，科学名词，是研究系统的结构、特点、行为、动态、原则、规律以及系统间的联系，并对其功能进行数学描述的新兴学科。系统论的基本思想是把研究和处理的对象看作一个整体系统来对待。 \n系统论的主要任务就是以系统为对象，从整体出发来研究系统整体和组成系统整体各要素的相互关系，从本质上说明其结构、功能、行为和动态，以把握系统整体，达到最优的目标。""]","[""系统论是一种学科，旨在研究系统的概念、结构、行为和性质。系统论旨在通过对系统进行研究，提供一个通用的、统一的方法来描述、分析和解决复杂的问题。 \n系统论有许多应用领域，包括工程、经济学、生物学、计算机科学、社会学等。系统论的工具和方法可用于解决许多不同领域的问题，如研究生态系统、企业管理、软件开发、网络系统等。 \n系统论的核心概念包括： \n系统：一个由若干部件组成的整体，这些部件相互作用，共同完成特定的任务。\n输入：系统所需要的资源和信息。\n输出：系统产生的结果或产品。\n过程：系统中部件之间的相互作用过程。\n干扰：外部或内部的因素，可能会影响系统的行为。 \n系统论的方法包括： \n系统建模：通过建立数学模型或计算机模拟，来描述系统的行为。\n系统分析：通过对系统进行分析，探究""]"
47,地球站,"[""卫星通信系统中的地面通信设备，通称卫星地球站，也叫地球站（earth station）。它由天线分系统、发射放大分系统、接收放大分系统、地面通信设备分系统、终端分系统和通信控制分系统以及电源分系统组成。可以应用于监测系统与跟踪系统，对于国家安全、信息传输有重要的意义。""]","[""地球站（Earth station）是一种用于与卫星通信的设备。它通常包含一个或多个发射和接收天线，用于将信号传输到卫星或从卫星接收信号。地球站可以用于宽带互联网连接、电视广播、电话通信和其他用途。地球站通常位于地面或船上，但也可以位于飞机或其他移动平台上。""]"
48,布尔运算,"[""布尔运算是数字符号化的逻辑推演法，包括联合、相交、相减。在图形处理操作中引用了这种逻辑运算方法以使简单的基本图形组合产生新的形体，并由二维布尔运算发展到三维图形的布尔运算。 \n由于布尔在符号逻辑运算中的特殊贡献，很多计算机语言中将逻辑运算称为布尔运算，将其结果称为布尔值。""]","[""布尔运算（Boolean operation）是在计算机科学中使用的一种逻辑运算，它们的输入和输出都是布尔值（即真值或假值）。常见的布尔运算包括 \""与\""（AND）、\""或\""（OR）和 \""非\""（NOT）。 \n举个例子，如果我们要测试一个数字是否大于 5 且小于 10，我们可以使用 \""与\"" 运算符来检查这两个条件是否都为真： \nCopy code\n(number > 5) AND (number < 10) \n如果我们要测试一个字符串是否为 \""hello\"" 或 \""world\""，我们可以使用 \""或\"" 运算符来检查这两个条件是否有一个为真： \nCopy code\n(string == \""hello\"") OR (string == \""world\"") \n如果我们要测试一个条件是否为假，我们可以使用 \""非\"" 运算符将其取反： \nCopy code\nNOT (condition) \n布尔运算在计算机编程中非常常用，可以用来进行条件判断、流程控制等。""]"
49,核心态,"[""在处理器的存储保护中，主要有两种权限状态，一种是核心态（管态），也被称为特权态；一种是用户态（目态）。核心态是操作系统内核所运行的模式，运行在该模式的代码，可以无限制地对系统存储、外部设备进行访问。""]","[""核心态是指计算机中处理器执行的一种状态。当处理器处于核心态时，它正在执行系统内核的指令，而不是用户程序的指令。核心态是计算机系统中最重要的状态之一，因为它决定了处理器能够执行哪些操作。 \n处理器通常还有另一种状态，称为用户态。当处理器处于用户态时，它正在执行用户程序的指令，而不是系统内核的指令。用户态是处理器在执行用户程序时使用的状态。 \n通常，处理器在核心态和用户态之间来回切换。当处理器需要执行系统内核的指令时，它会切换到核心态；当处理器需要执行用户程序的指令时，它会切换到用户态。这种切换可以帮助提高系统的效率，因为它允许处理器同时执行用户程序和系统内核的指令。""]"
50,算法复杂度,"[""算法复杂度是指算法在编写成可执行程序后，运行时所需要的资源，资源包括时间资源和内存资源。应用于数学和计算机导论。 \n同一问题可用不同算法解决，而一个算法的质量优劣将影响到算法乃至程序的效率。算法分析的目的在于选择合适算法和改进算法。一个算法的评价主要从时间复杂度和空间复杂度来考虑。 \n（1）时间频度 \n一个算法执行所耗费的时间，从理论上是不能算出来的，必须上机运行测试才能知道。但我们不可能也没有必要对每个算法都上机测试，只需知道哪个算法花费的时间多，哪个算法花费的时间少就可以了。并且一个算法花费的时间与算法中语句的执行次数成正比例，哪个算法中语句执行次数多，它花费时间就多。一个算法中的语句执行次数称为语句频度或时间频度。记为T(n)。算法的时间复杂度是指执行算法所需要的计算工作量。""]","[""算法复杂度是用来衡量算法执行效率的一种度量方式。它可以帮助我们评估一个算法在处理较大规模问题时的性能表现。通常，我们会用大O记法来表示算法的复杂度。 \n具体来说，如果一个算法的复杂度是O(n)，这意味着随着问题规模（通常用n来表示）的增加，该算法的执行时间和所需资源也会成线性增长。如果是O(n^2)，则表示随着问题规模的增加，算法的执行时间和所需资源会成平方增长。O(1)则表示算法的执行时间和所需资源与问题规模无关，是一个常数。 \n在选择算法时，通常会优先考虑时间复杂度较低的算法，因为这样的算法在处理较大规模问题时通常会更快。但是，也要注意空间复杂度，因为有些算法在消耗时间较少的同时，所需的存储空间可能会很大，这也是需要考虑的因素。""]"
51,有线网络,"[""采用同轴电缆、双绞线和光纤来连接的计算机网络。同轴电缆网是常见的一种连网方式。它比较经济，安装较为便利，传输率和抗干扰能力一般，传输距离较短。双绞线网是最常见的连网方式。""]","[""有线网络是指使用电缆连接计算机和其他设备的网络。它们通常使用以太网技术进行通信，并使用插座或孔将设备连接到电缆上。由于有线网络中的设备之间是直接用电缆连接的，因此它们可以提供比无线网络更快、更可靠的连接。""]"
52,存储系统,"[""存储系统是指计算机中由存放程序和数据的各种存储设备、控制部件及管理信息调度的设备（硬件）和算法（软件）所组成的系统。 \n存储系统是计算机的重要组成部分之一。存储系统提供写入和读出计算机工作需要的信息（程序和数据）的能力，实现计算机的信息记忆功能。现代计算机系统中常采用寄存器、高速缓存、主存、外存的多级存储体系结构。 \n计算机存储系统的核心是存储器，存储器是计算机中必不可少、用来存储程序和数据的记忆设备。 \n内部存储器（简称内存）主要存储计算机当前工作需要的程序和数据，包括高速缓冲存储器（Cache，简称缓存）和主存储器。目前构成内存的主要是半导体存储器。外部存储器（简称外存）主要有磁性存储器、光存储器和半导体存储器三种实现方式，存储介质有硬磁盘、光盘、磁带和移动存储器等。""]","[""存储系统是指用于存储数据的硬件和软件系统。它包括存储媒介（如硬盘驱动器、闪存驱动器和光盘）和与之相关的控制器，用于将数据写入存储媒介并从中读取数据。存储系统还包括用于管理数据存储和访问的软件，例如文件系统和数据库管理系统。存储系统被用于存储各种类型的数据，包括文本、图像、音频和视频文件，以及用于运行计算机的操作系统和应用程序的执行文件。""]"
53,Intel处理器,"[""intel处理器（Intel cpu）是英特尔公司开发的中央处理器，有移动、台式、服务器三个系列，是计算机中最重要的一个部分，由运算器和控制器组成。 \n如果把计算机比作一个人，那么CPU就是他的大脑，其重要作用由此可见一斑。按照其处理信息的字长，CPU可以分为：四位微处理器、八位微处理器、十六位微处理器、三十二位微处理器以及六十四位微处理器等等。""]","[""Intel处理器是一种计算机处理器，也称作中央处理器（CPU）。它是计算机的核心部件，负责执行计算机的基本指令和运算。Intel是世界上最大的处理器制造商之一，它的处理器广泛应用于个人电脑，服务器和其他电子设备中。""]"
54,蒙特卡罗方法,"[""蒙特卡罗法也称统计模拟法、统计试验法。是把概率现象作为研究对象的数值模拟方法。是按抽样调查法求取统计值来推定未知特性量的计算方法。蒙特卡罗是摩纳哥的著名赌城，该法为表明其随机抽样的本质而命名。故适用于对离散系统进行计算仿真试验。在计算仿真中，通过构造一个和系统性能相近似的概率模型，并在数字计算机上进行随机试验，可以模拟系统的随机特性。""]","[""蒙特卡罗方法是一种通过模拟大量的随机抽样来估算概率的方法。这种方法通常被用来解决那些难以直接计算的问题，比如说在统计学、金融、物理学和工程学中经常遇到的问题。 \n蒙特卡罗方法的基本思想是，通过进行大量的模拟，我们可以得出一个结果的概率。比如，如果我们想要知道掷硬币获得正面朝上的概率，我们可以模拟掷硬币的过程，然后统计正面朝上的次数，最后得出的概率就是正面朝上的次数除以总次数。 \n蒙特卡罗方法在计算机科学中被广泛使用，因为它可以快速得出结果，而且不需要太多的计算能力。它常常被用来模拟复杂的系统，比如说股票市场、气候模拟、经济学模型等等。""]"
55,OpenBSD,"[""OpenBSD是一个多平台的，基于4.4BSD的类UNIX操作系统，是BSD衍生出的三种免费操作系统（另外两种是NetBSD和FreeBSD）之一，被称为世界上最安全的操作系统。专案领导人 Theo de Raadt在1995年发起了OpenBSD 专案，希望创造一个注重安全的操作系统。""]","[""OpenBSD 是一个开源操作系统，它的目标是提供一个安全、可靠、轻量级的操作系统。OpenBSD 基于 BSD 操作系统，并采用了很多安全措施，包括使用 ProPolice、W^X 和 ASLR 等内存安全技术。它还提供了一个简单易用的包管理系统和丰富的安装选项，使得 OpenBSD 操作系统可以用于许多不同的用途。""]"
56,Windows操作系统,"[""Microsoft Windows是美国微软公司以图形用户界面为基础研发的操作系统，主要运用于计算机、智能手机等设备。共有普通版本、服务器版本（Windows Server）、手机版本（Windows Phone）、嵌入式版本（Windows CE、Windows for IoT）等子系列，是全球应用最广泛的操作系统之一。 \nMicrosoft Windows于1983年开始研发，最初的研发目标是在MS-DOS的基础上提供一个多任务的图形用户界面，后续版本则逐渐发展成为主要为个人电脑和服务器用户设计的操作系统，并最终获得了世界个人电脑操作系统的垄断地位。Windows初代版本于1985年11月20日推出，Windows 3.0发布后开始取得商业地位，1993年8月推出Windows NT系列，1996年推出Windows Server系列，2000年推出Windows Mobile系列（后被Windows Phone取代）。Microsoft Windows早期为MS-DOS虚拟环境，后采用图形用户界面（GUI），其操作界面先后在1995年、2001年、2009年进行大幅整改。 \n截至2022年8月5日，Microsoft Windows更新推送系统三十余个，普通版本已更新至Windows 11；服务器版本已更新至Windows Server 2022；手机版本已终止研发，最后版本为Windows 10 Mobile；嵌入式版本为Windows CE（后被Windows for IoT取代）。此外，还有提供线上Web服务的Windows 365。 \n另，有Windows PE，Windows PE (WinPE) 是一个小型操作系统，用于安装、部署和修复 Windows 桌面版、Windows Server 和其他 Windows 操作系统。""]","[""Windows 操作系统是一种由微软公司开发的计算机操作系统。它可以运行在个人电脑、服务器和移动设备上，是一种广泛使用的操作系统。Windows 操作系统提供了用于管理和控制计算机硬件和软件资源的框架，并为用户提供了一个图形界面，使用户能够方便地使用计算机。 Windows 操作系统还包括许多基本的操作系统功能，如文件管理、内存管理和进程管理。""]"
57,主引导区,"[""硬盘的第一个扇区被保留为主引导扇区，它位于整个硬盘的0磁头0柱面1扇区，包括硬盘主引导记录MBR(Main Boot Record)和分区表DPT(Disk Partition Table)。其中主引导记录的作用就是检查分区表是否正确以及确定哪个分区为引导分区，并在程序结束时把该分区的启动程序（也就是操作系统引导扇区）调入内存加以执行。至于分区表，很多人都知道，以80H或00H为开始标志，以55AAH为结束标志，共64字节，位于本扇区的最末端。""]","[""主引导区（Master Boot Record，MBR）是一块存储在计算机硬盘首扇区的特殊区域，包含了引导操作系统的相关信息。在计算机启动时，系统会先读取 MBR 中的信息，然后根据 MBR 中的指令来加载操作系统。MBR 中还包含了硬盘分区表，用来记录硬盘的分区信息，以及一些用于计算机启动的小型程序。""]"
58,全局变量,"[""全局变量是编程术语中的一种，源自于变量之分。 \n变量分为局部与全局，局部变量又可称之为内部变量。由某对象或某个函数所创建的变量通常都是局部变量，只能被内部引用，而无法被其它对象或函数引用。 \n全局变量既可以是某对象函数创建，也可以是在本程序任何地方创建。全局变量是可以被本程序所有对象或函数引用。""]","[""在程序设计中，全局变量是定义在所有函数外部的变量。这意味着它们可以在整个程序中的任何地方访问，而不需要在函数中传递。 \n因为全局变量在整个程序中都可以访问，所以它们很容易引起混淆。如果您在程序的不同部分使用相同名称的全局变量，这可能会导致意想不到的错误。因此，在编写程序时，应该尽量避免使用全局变量，并尽量使用局部变量。局部变量只能在定义它们的函数中使用，这有助于避免命名冲突和混淆。""]"
59,复位信号,"[""在可编程的芯片（如单片机），可编程控制器（PLC）,微机等电子设备的运行中，会出现程序跑飞的情况或程序跳转，可用手动或自动的方法发给硬件特定接口使软件的运行恢复到特定的程序段运行，这一过程就是复位过程；而在这一过程中，手动或自动的方法发给硬件特定接口的信号，就是复位信号。""]","[""复位信号是计算机系统中的一种电信号，用于将计算机系统重置为初始状态。它通常用于清除计算机内存中的数据，并将计算机系统设置回默认状态。复位信号通常由计算机硬件生成，但也可以由软件生成。在计算机系统中，复位信号通常用于解决系统故障或重新启动系统。""]"
60,CMOS,"[""CMOS是Complementary Metal Oxide Semiconductor（互补金属氧化物半导体）的缩写。它是指制造大规模集成电路芯片用的一种技术或用这种技术制造出来的芯片，是电脑主板上的一块可读写的RAM芯片。因为可读写的特性，所以在电脑主板上用来保存BIOS设置完电脑硬件参数后的数据，这个芯片仅仅是用来存放数据的。 \n电压控制的一种放大器件，是组成CMOS数字集成电路的基本单元。 \n而对BIOS中各项参数的设定要通过专门的程序。BIOS设置程序一般都被厂商整合在芯片中，在开机时通过特定的按键就可进入BIOS设置程序，方便地对系统进行设置。因此BIOS设置有时也被叫做CMOS设置。""]","[""CMOS是一种电子器件的技术，它使用深度空余极化（DEPMOS）晶体管作为基础组成单元。CMOS（或同步金属氧化物半导体）具有低功耗，高性能和高密度的优点，因此在计算机中广泛使用。 \nCMOS在计算机中被用于制造各种电路，包括中央处理器（CPU），存储器，输入/输出控制器等。它还被用于制造图形处理器，手机和其他移动设备的芯片，以及用于汽车和工业自动化的各种控制器。 \nCMOS在计算机系统中的另一个重要应用是作为CMOS电路的锁存器的存储器。这些存储器在计算机系统关闭时保存数据，并在系统重新启动时将其加载回系统。""]"
61,自然科学,"[""自然科学（natural science）是一门以观察和实验的经验证据为基础，对自然现象进行描述、理解和预测的科学分支。同行评审和研究结果的可重复性等机制被用来确保科学进步的有效性。 \n自然科学可以分为两个主要分支：物理科学（physical science）和生命科学（life science）。生命科学也称为生物学，而物理科学又细分为多个分支：物理学、化学、地球科学和天文学。自然科学的这些分支可以进一步划分为更专业的分支（也称为领域）。作为经验科学，自然科学使用形式科学中的工具，例如数学和逻辑学，将有关自然的信息转换为测量值，这些测量值可以解释为“自然法则”的明确陈述。 \n现代自然科学接替了更经典的自然哲学方法，通常可追溯到亚洲的道家传统和西方的古希腊。伽利略、笛卡尔、培根和牛顿讨论了以有条理的方式使用更数学化和更具实验性的方法的好处。尽管如此，经常被忽视的哲学观点、猜想和预设在自然科学中仍然是必要的。包括发现科学在内的系统数据收集成功自然历史，出现于 16 世纪，通过对植物、动物、矿物等进行描述和分类。“自然历史”建议针对大众观众进行观察性描述。""]","[""自然科学是一门研究自然界的学科，其中包括物理学、化学、生物学和地球科学。自然科学通过观察和实验来研究自然界的现象和规律，并建立相应的理论来解释这些现象和规律。自然科学在人类生活中起着重要的作用，为社会发展和技术进步提供了重要的科学依据。""]"
62,抽象语法树,"[""在计算机科学中，抽象语法树（Abstract Syntax Tree，AST），或简称语法树（Syntax tree），是源代码语法结构的一种抽象表示。它以树状的形式表现编程语言的语法结构，树上的每个节点都表示源代码中的一种结构。""]","[""抽象语法树（Abstract Syntax Tree, AST）是编译原理中的一种概念。它是源代码的抽象语法结构的树形表示。一个抽象语法树由节点构成，每个节点代表程序中的一个结构，如变量声明、表达式、语句或函数调用。 \n抽象语法树的每个节点可以有子节点，这些子节点也可以有自己的子节点，以此类推。在这样的树形结构中，每个节点都对应着程序中的一个语法结构。 \n抽象语法树通常用于编译器或解释器的前端，在语法分析阶段使用。编译器在构建抽象语法树之后，可以使用它来进行语义分析，并生成目标代码。 \n抽象语法树与其他编译原理中的概念，如语法分析树和语法树不同。语法分析树更侧重于语法分析的过程，而抽象语法树则更侧重于表示程序的语法结构。语法树是一种特殊的抽象语法树，其中节点的类型和数量与源代码中的语法规则相对应。""]"
63,伪指令,"[""伪指令(Pseudo Instruction)是用于对汇编过程进行控制的指令，该类指令并不是可执行指令，没有机器代码，只用于汇编过程中为汇编程序提供汇编信息。例如，提供如下信息：哪些是指令、哪些是数据及数据的字长、程序的起始地址和结束地址等。伪指令有2个特点： \n（1）由于是伪“指令”，因而它只存在于汇编语言中。高级语言中不叫指令，叫语句； \n（2）由于是“伪”指令，也即“假”指令，因而不是可执行指令，不会产生机器代码，不会占用ROM空间，只用于汇编过程中为汇编程序提供汇编信息。""]","[""伪指令是一种在程序中使用的特殊指令，它不是真正的机器指令，而是由编译器或汇编器解释执行的指令。它通常用于在程序中插入注释、定义常量或变量、声明标签等。 \n例如，在汇编语言中，可以使用伪指令来定义常量： \nCopy code\nCONST1 EQU 10\nCONST2 EQU 20 \n在这个例子中，EQU 是一个伪指令，用于将常量名称 CONST1 和 CONST2 与数值 10 和 20 相关联。 \n伪指令通常有编译器或汇编器提供，用于帮助程序员编写、组织和管理程序代码。""]"
64,显示卡,"[""显卡（Video card、Display card、Graphics card、Video adapter）是个人计算机基础的组成部分之一，将计算机系统需要的显示信息进行转换驱动显示器，并向显示器提供逐行或隔行扫描信号，控制显示器的正确显示，是连接显示器和个人计算机主板的重要组件，是“人机”的重要设备之一，其内置的并行计算能力现阶段也用于深度学习等运算。""]","[""显示卡（又称为图形处理器）是一种计算机硬件，它负责将计算机的图形信息转换成可以在显示器上显示的信号。它的主要作用是将计算机的图形数据处理成可以显示在屏幕上的图像。显示卡通常被安装在计算机的主板上，也可以作为独立的设备安装在计算机的外壳内。显示卡通常由图形处理器（GPU）和显存组成，其中图形处理器负责处理图形数据，显存则负责存储图形数据。显示卡的性能很重要，因为它直接影响计算机的图形性能。显示卡的性能主要取决于图形处理器的性能和显存的容量。""]"
65,二进制数字,"[""二进制是计算技术中广泛采用的一种数制。二进制数字是用0和1两个数码来表示的数。它的基数为2，进位规则是“逢二进一”，借位规则是“借一当二”，由18世纪德国数理哲学大师莱布尼兹发现。当前的计算机系统使用的基本上是二进制系统。 20世纪被称作第三次科技革命的重要标志之一的计算机的发明与应用，其运算模式正是二进制，同时证明了莱布尼兹的原理是正确的。""]","[""二进制数字是由 0 和 1 组成的数字，它是计算机最基本的数字表示方式。在计算机中，所有的数据和信息都是以二进制的形式存储和传输的。每个二进制数字都可以用一个由 0 和 1 组成的二进制数来表示，其中每一位二进制数都对应着一个十进制数。例如，十进制数 5 可以用二进制数 101 来表示，十进制数 10 可以用二进制数 1010 来表示。""]"
66,Hurd,"[""GNU Hurd 是一系列基于GNU Mach的守护进程，这一套守护进程最终形成了GNU操作系统。GNU项目从1990年开始开发GNU Hurd，并且将它作为一个遵循GPL的自由软件发布。Hurd的目标是从功能、安全性和稳定性上全面超越Unix内核，而同时又能保持对其的兼容性，为此Hurd遵守POSIX标准。""]","[""Hurd 是一个操作系统内核的名称。它是由自由软件基金会主导开发的，旨在成为一个高度可扩展的、模块化的内核。Hurd 被设计成可以运行在多种不同的硬件平台上，并且可以支持各种各样的操作系统服务，如文件系统、进程管理和网络协议。Hurd 具有许多优秀的特性，但是它的开发进展缓慢，并且一直没有完全实现。""]"
67,CPU,"[""中央处理器（central processing unit，简称CPU）作为计算机系统的运算和控制核心，是信息处理、程序运行的最终执行单元。CPU自产生以来，在逻辑结构、运行效率以及功能外延上取得了巨大发展。""]","[""CPU（Central Processing Unit）是计算机的中央处理器，是计算机的核心部件之一。它负责执行计算机程序中的指令，并协调计算机的其他部件工作。CPU 能够执行的指令数量越多，计算机的性能就越高。通常情况下，CPU 的执行速度越快，计算机的性能就越高。""]"
68,实模式,"[""CPU复位（reset）或加电（power on）的时候以实模式启动，处理器以实模式工作。在实模式下，内存寻址方式和8086相同，由16位段寄存器的内容乘以16（10H）当做段基地址，加上16位偏移地址形成20位的物理地址，最大寻址空间1MB，最大分段64KB。可以使用32位指令。32位的x86 CPU用做高速的8086。在实模式下，所有的段都是可以读、写和可执行的。 \n286架构导入保护模式，允许硬件等级的存储器保护。然而要使用这些新的特色，需要额外先前不需要的软件指令。由于x86微处理机主要的设计规格，是能够完全地向前兼容于针对先前所有x86芯片所撰写的软件，因此286芯片的开机是处于'实模式'—也就是关闭新的存储器保护特性的模式，所以可以运行针对旧的微处理器所设计的软件。到现在为止，即使最新的x86 CPU一开始在电源打开处于实模式下，也能够运行针对先前任何芯片所撰写的软件.""]","[""实模式是一种计算机的模式，它在计算机的 CPU 中运行。在实模式下，CPU 只能使用最基本的指令集，并且只能访问一小部分内存。这种模式主要用于计算机启动时初始化系统，或者在需要执行低级别的系统任务时使用。 \n实模式与保护模式相对，保护模式提供了更多的内存访问权限，并支持更多的指令集，用于执行操作系统和应用程序。通常，当计算机启动并进入操作系统时，会从实模式转换到保护模式。""]"
69,射频识别技术,"[""射频识别（RFID）是 Radio Frequency Identification 的缩写。 \n其原理为阅读器与标签之间进行非接触式的数据通信，达到识别目标的目的。RFID 的应用非常广泛，典型应用有动物晶片、汽车晶片防盗器、门禁管制、停车场管制、生产线自动化、物料管理。""]","[""射频识别（Radio Frequency Identification，缩写为RFID）是一种无线电技术，它利用射频能量来识别、跟踪和记录物品的信息。这种技术通常用于自动识别和跟踪目标物品，可以用来管理库存、监控物流、实现货物追踪等。 \n射频识别技术通常包括两部分：一个射频识别标签（RFID tag）和一个射频识别读写器（RFID reader）。射频识别标签是一种微型电子设备，通常是一个薄膜或卡片，可以被安装在目标物品上。射频识别读写器是一种装有电子电路和天线的设备，用来发送和接收射频信号，并解码识别标签上的信息。 \n当射频识别读写器与射频识别标签靠近时，读写器会向标签发出一个射频信号，并通过天线接收来自标签的反馈信号。标签通过读写器发出的射频信号来激活自身，然后向读写器发送自己存储的信息。读写器接收到这些信息后，可以通过计算机或其他设备来处理、存储和分析这些信息，从而实现自动""]"
70,Photoshop,"[""Adobe Photoshop，简称“PS”，是由Adobe Systems开发和发行的图像处理软件。Photoshop主要处理以像素所构成的数字图像。使用其众多的编修与绘图工具，可以有效地进行图片编辑和创造工作。PS 有很多功能，在图像、图形、文字、视频、出版等各方面都有涉及。 \nAdobe支持Windows操作系统 、Android与Mac OS， 但Linux操作系统用户可以通过使用Wine来运行Photoshop。""]","[""Photoshop 是一款图像处理软件，用于创建和编辑图像、图形和动画。它可以用来进行图像修饰、合成、绘画和动画等。Photoshop 具有丰富的工具和功能，可以帮助用户实现各种创意效果。它是一款专业级的图像处理软件，广泛应用于平面设计、印刷出版、网页设计、摄影和视频制作等领域。""]"
71,archlinux,"[""Arch Linux（或Arch /ˈɑːrtʃ/)）是一款基于x86-64架构的Linux发行版。系统主要由自由和开源软件组成，支持社区参与。系统设计以KISS原则（保持简单和愚蠢）为总体指导原则，注重代码正确、优雅和极简主义，期待用户能够愿意去理解系统的操作。Arch Linux系统安装、删除和更新软件的软件包管理器叫做pacman。 \nArch Linux采用滚动发行模式来获取系统更新和软件的最新版本。系统安装映像只简单地包含系统主要组件。 \nArch Linux以社区Wiki的形式提供文档，称为Arch Wiki。该Wiki经常编有特定主题的最新信息，受到了Linux社区的广泛认可，内容也应用在Arch Linux以外的领域。""]","[""ArchLinux 是一个基于 Linux 内核的开源操作系统，它使用了轻量级的 Pacman 包管理器，并遵循最小安装原则，只安装必要的组件。ArchLinux 的目标是提供一个灵活的操作系统，具有最新的硬件驱动程序和软件包，并使用滚动发布模式提供最新的更新。它非常适合那些对自己的系统有很好的控制，并愿意花费一些时间来设置和维护系统的用户。""]"
72,中间代码,"[""中间语言(中间代码)是一种面向语法，易于翻译成目标程序的源程序的等效内部表示代码。其可理解性及易于生成目标代码的程度介于源语言和目标语言之间。常用的中间语言有逆波兰表示、四元式、三元式和树表示等。""]","[""中间代码（intermediate code）是一种在编译过程中用来表示源代码的代码形式。它是一种抽象机器语言，可以用来表示源代码中的语法结构，但是不能直接在计算机上运行。 \n在编译过程中，源代码通常首先会被转化为中间代码，然后再被转化为机器语言。这样做的好处在于，可以让编译器更容易地处理源代码，并且可以让相同的中间代码在不同的机器上运行，而不必为每一种机器都编写不同的编译器。 \n中间代码可以用来表示源代码中的各种语句、表达式和函数调用，还可以用来表示变量的声明和使用。常见的中间代码形式包括三地址代码、中间表示树（intermediate representation tree）和抽象语法树（abstract syntax tree）。""]"
73,图标,"[""图标指具有指代意义的图形符号，具有高度浓缩并快捷传达信息、便于记忆的特性。 \n图标分为广义和狭义两种： \n行人禁行标志\n具有指代意义的图形符号，具有高度浓缩并快捷传达信息、便于记忆的特性。应用范围很广，软硬件网页社交场所公共场合无所不在，例如：男女厕所标志和各种交通标志等。 \n应用于计算机软件方面，包括：程序标识、数据标识、命令选择、模式信号或切换开关、状态指示等。""]","[""图标是指在电脑桌面或者应用软件界面中用来表示某个功能或程序的小图像。通常，图标是用来帮助用户快速找到和使用常用的程序或功能。图标通常是一个简单的图像，例如一个文件夹图标可能是一个小纸条夹的图像，而一个浏览器图标可能是一个小圆形的图像。图标也可以是一个带有文字标签的图像，例如“计算器”图标可能会带有“计算器”的文字标签。""]"
74,人工智能技术,"[""人工智能技术研究是由汉斯出版社发行的一本关注人工智能与机器人研究领域最新进展的国际中文期刊。主要刊登国内外人工智能领域的研究成果与进展。 \n人工智能\n人工智能技术，由汉斯出版社发行，本刊支持思想创新、学术创新，倡导科学，繁荣学术，集学术性、思想性为一体，旨在为了给世界范围内的科学家、学者、科研人员提供一个传播、分享和讨论人工智能与机器人研究领域内不同方向问题与发展的交流平台。 \n· 智能机器人 \n· 模式识别与智能系统""]","[""人工智能（Artificial Intelligence，缩写为 AI）是指电脑科学的一个分支，它的目的是创造能够像人类一样思考和行动的计算机系统。人工智能的技术包括机器学习、自然语言处理、图像识别和智能自动化等。这些技术都是通过大量数据的训练来实现的，能够帮助计算机在没有人类指导的情况下学习和改进。人工智能的应用领域广泛，包括自动驾驶汽车、语音识别、推荐系统等。""]"
75,接口,"[""硬件接口（hardware interface）指的是两个硬件设备之间的连接方式。硬件接口既包括物理上的接口，还包括逻辑上的数据传送协议。 \nIDE的英文全称为“Integrated Drive Electronics”，即“电子集成驱动器”，它的本意是指把“硬盘控制器”与“盘体”集成在一起的硬盘驱动器。把盘体与控制器集成在一起的做法减少了硬盘接口的电缆数目与长度，数据传输的可靠性得到了增强，硬盘制造起来变得更容易，因为硬盘生产厂商不需要再担心自己的硬盘是否与其它厂商生产的控制器兼容。对用户而言，硬盘安装起来也更为方便。IDE这一接口技术从诞生至今就一直在不断发展，性能也不断的提高，其拥有的价格低廉、兼容性强的特点，为其造就了其它类型硬盘无法替代的地位。 \nIDE代表着硬盘的一种类型，但在实际的应用中，人们也习惯用IDE来称呼最早出现IDE类型硬盘ATA-1，这种类型的接口随着接口技术的发展已经被淘汰了，而其后发展分支出更多类型的硬盘接口，比如ATA、Ultra ATA、DMA、Ultra DMA等接口都属于IDE硬盘。 \nSCSI的英文全称为“Small Computer System Interface”（小型计算机系统接口），是同IDE（ATA）完全不同的接口，IDE接口是普通PC的标准接口，而SCSI并不是专门为硬盘设计的接口，是一种广泛应用于小型机上的高速数据传输技术。SCSI接口具有应用范围广、多任务、带宽大、CPU占用率低，以及热插拔等优点，但较高的价格使得它很难如IDE硬盘般普及，因此SCSI硬盘主要应用于中、高端服务器和高档工作站中。""]","[""接口是一种规范，它定义了一组功能，这些功能可以被其他程序使用。 \n通常，接口指的是软件接口，即一种规范，它允许不同的程序之间进行通信。接口可以是应用程序编程接口（API），也可以是其他类型的软件接口，例如操作系统接口或网络接口。 \n接口的一个重要作用是隔离具体实现，从而使程序之间的耦合度降低。例如，如果一个程序使用了另一个程序的接口，那么这两个程序之间的依赖关系就是通过接口来定义的。这样，如果另一个程序的实现发生变化，只要接口保持不变，那么使用该接口的程序就不会受到影响。 \n在计算机网络领域，接口也可以指物理连接，例如计算机的网络接口卡或蓝牙接口。这些接口允许计算机与其他设备相连，从而实现网络通信。""]"
76,数据源,"[""数据源是指数据库应用程序所使用的数据库或者数据库服务器。 \n数据源（Data Source）顾名思义，数据的来源，是提供某种所需要数据的器件或原始媒体。在数据源中存储了所有建立数据库连接的信息。就像通过指定文件名称可以在文件系统中找到文件一样，通过提供正确的数据源名称，你可以找到相应的数据库连接。""]","[""数据源指的是存储数据的地方或者数据来源。它可以是一个文件，如 CSV 文件或 Excel 表格，也可以是一个数据库，比如 MySQL 或 MongoDB。数据源可以是本地的，也可以是远程的，甚至可以是互联网上的一个网站或者 API。 \n在程序中，我们可以通过连接数据源来获取数据并进行处理。例如，我们可以使用 SQL 语句从数据库中查询数据，也可以使用 Python 的 csv 模块读取 CSV 文件中的数据。""]"
77,扩展槽,"[""扩展槽（Expansion slot）是主板上用于固定扩展卡并将其连接到系统总线上的插槽，也叫扩展插槽、扩充插槽。扩展槽是一种添加或增强电脑特性及功能的方法。例如，不满意主板整合显卡的性能，可以添加独立显卡以增强显示性能；不满意板载声卡的音质，可以添加独立声卡以增强音效；不支持USB2.0或IEEE1394的主板可以通过添加相应的USB2.0扩展卡或IEEE1394扩展卡以获得该功能等等。""]","[""扩展槽是计算机中的一个接口，它允许用户将额外的硬件设备连接到计算机上。这些硬件设备可以是声卡、显卡、网卡等，它们可以提高计算机的性能或增强计算机的功能。通常情况下，扩展槽位于计算机的主板上，并且有许多不同的类型，如 PCI 扩展槽、AGP 扩展槽和 PCI-Express 扩展槽等。""]"
78,数字数据,"[""数字数据（digital data）在数据通信中也称为数字量，相对于模拟量而言，指的是取值范围是离散的变量或者数值。 \n数字数据项用PICTURE子句定义。数据描述中的每个9代表一个十进制位。 \n可以出现的特殊含义字符有： P指示前导0和尾部0 S指示符号，正号或负号 V隐含的小数点 \n数据是关于某些方面的一组数字。""]","[""数字数据指的是以数字形式表示的信息。这些信息可以是任意类型的数字，包括整数、小数、负数等。数字数据可以在计算机中存储、处理和传输，并且可以使用各种软件工具来分析、操作和呈现这些数据。例如，在数据分析中，可以使用 Excel 或者 Python 等工具来进行数学运算、生成图表和报告等。数字数据在计算机中的存储和处理方式通常是以二进制的形式进行的，即使用 0 和 1 的组合来表示各种信息。""]"
79,虚拟空间,"[""虚拟空间，也称虚拟主机（Virtual Host Virtual Server），是使用特殊的软硬件技术，把一台计算机主机分成一台台\""虚拟\""的主机，每一台虚拟主机都具有独立的域名和IP地址（或共享的IP地址），具有完整的Internet服务器功能。是使用特别的软件和硬件技术，把一台真实的物理电脑主机分割成多个的逻辑存储单元，每个单元由于没有物理实体，但是每一个物理单元都能像真实的物理主机一样在网络上工作。单独的域名、IP地址（或共享的IP地址）、完整的Internet服务器功能。虚拟主机的关键技术在于，即使在同一台硬件、同一个操作系统上，运行着为多个用户打开的不同的服务器程式，互不干扰。""]","[""虚拟空间是一种计算机技术，它允许一个电脑的操作系统在物理内存之外创建另一个虚拟内存空间。这样，操作系统就可以在虚拟内存空间中运行程序，而不会因为物理内存不足而出现问题。 \n虚拟内存空间通常是通过将一部分硬盘空间转化为内存来实现的，这样就可以在物理内存不足的情况下使用更多的内存。然而，访问虚拟内存空间的速度要比访问物理内存慢得多，因此虚拟内存空间只在物理内存不够用的时候才会被使用。 \n虚拟空间可以帮助解决内存不足的问题，但是它也会对系统性能造成一定的影响。因此，在使用虚拟空间时应该适当考虑并谨慎使用。""]"
80,微处理器,"[""微处理器是由一片或少数几片大规模集成电路组成的中央处理器。这些电路执行控制部件和算术逻辑部件的功能。 \n微处理器能完成取指令、执行指令，以及与外界存储器和逻辑部件交换信息等操作，是微型计算机的运算控制部分。它可与存储器和外围电路芯片组成微型计算机。""]","[""微处理器是计算机系统中的一种集成电路，它包含了一个处理器核心和相关的控制电路。它负责执行计算机程序中的指令，控制系统的输入输出设备，并处理数据。微处理器是计算机系统的核心部件，它决定了计算机的性能和能力。 \n微处理器的功能可以通过软件实现，因此微处理器的设计可以灵活地满足不同的应用需求。微处理器通常由一个或多个中央处理器（CPU）构成，每个 CPU 都有自己的存储器和控制电路，能够独立执行程序指令。 \n微处理器的技术发展非常快，从最初的几个指令到现在的多级流水线、多核心、超线程等技术，微处理器已经发展成为一个高度复杂的系统。它在计算机、手机、平板电脑、游戏机、工业自动化系统、医疗设备等各种应用中广泛使用。""]"
81,根目录,"[""根目录指逻辑驱动器的最上一级目录，它是相对子目录来说的。打开“我的电脑”，双击C盘就进入C盘的根目录，双击D盘就进入D盘的根目录。其它类推。 \n根目录在文件系统建立时即已被创建，其目的就是存储子目录（也称为文件夹）或文件的目录项。一“棵“目录树，树的最根本就是它的根（根目录）。""]","[""根目录是指在一个文件系统中最上层的目录，即文件系统的最上层结构的根节点。在大多数操作系统中，根目录是个特殊的目录，它代表整个文件系统。根目录的名称通常是 \""/\""。在 Linux 系统中，根目录包含了整个文件系统的所有文件和子目录，在 Windows 系统中，根目录包含的子目录包括 \""Program Files\""、\""Windows\"" 等。""]"
82,无线通讯,"[""无线通信配套产品主要包括GPRS/CDMA/GSM DTU（数传终端）MODEM、短信发送设备、移动传真机等。 \n无线数据采集的编程由无线通讯的基本原理可以看出,无线的数据采集和传输主要包括以下几个过程,从带处理器的传感器或. ... 本课程将针对从事无线通讯产品研发以及相关工程的技术人员,介绍展频无线通讯产品的EMC技术规范要求、EMC基本原理,以及EMC的侦测除 。 \n文件格式: PDF/Adobe Acrobat \n通过分析和调研，我们采用无线扩频技术作为流动银行车的基本通讯手段，配以电话拨号作为备份，在实际应用过程中取得了很好的效果。一、无线扩频技术的基本原理无线扩频技术是无线通讯的一种，主要应用于无线局域网。扩频技术的研究和应用最早起源军事。""]","[""无线通讯是指在没有有限的电缆或光纤连接的情况下，使用无线电波或其他无线信号在两台或两台以上的设备之间传输数据的方式。无线通讯包括许多不同的技术，如无线局域网（Wi-Fi）、蓝牙、移动通信和无线电收音机。""]"
83,串行通信,"[""串行通信作为计算机通信方式之一，主要起到主机与外设以及主机之间的数据传输作用，串行通信具有传输线少、成本低的特点，主要适用于近距离的人-机交换、实时监控等系统通信工作当中，借助于现有的电话网也能实现远距离传输，因此串行通信接口是计算机系统当中的常用接口。""]","[""串行通信是一种用于计算机之间或计算机与外部设备之间传输数据的通信方式。串行通信通常使用一条单独的电线或光纤来传输数据，并在传输过程中按照一定的协议进行数据加工和传输。串行通信相对于并行通信而言，具有传输速率较低，但是通信线路简单，易于实现的特点。""]"
84,ICMP,"[""ICMP（Internet Control Message Protocol）Internet控制报文协议。它是TCP/IP协议簇的一个子协议，用于在IP主机、路由器之间传递控制消息。控制消息是指网络通不通、主机是否可达、路由是否可用等网络本身的消息。这些控制消息虽然并不传输用户数据，但是对于用户数据的传递起着重要的作用。 \nICMP使用IP的基本支持，就像它是一个更高级别的协议，但是，ICMP实际上是IP的一个组成部分，必须由每个IP模块实现。""]","[""ICMP 是 Internet Control Message Protocol 的缩写，它是一种网络层协议，它被设计用来在两个主机之间传输控制消息。它可以用来在网络上传递错误信息，帮助调试网络问题，也可以用来实现 ping 命令，测试主机之间的连通性。 \nICMP 协议是基于 IP 协议的，因此它可以在任何支持 IP 协议的网络中使用。它的报文格式与 IP 协议的报文格式类似，但是它有一些额外的字段，用来传输控制消息。ICMP 协议通常使用 IP 协议的号码 1 来进行传输。""]"
85,集线器,"[""集线器的英文称为“Hub”。“Hub”是“中心”的意思，集线器的主要功能是对接收到的信号进行再生整形放大，以扩大网络的传输距离，同时把所有节点集中在以它为中心的节点上。它工作于OSI(开放系统互联参考模型)参考模型第一层，即“物理层”。集线器与网卡、网线等传输介质一样，属于局域网中的基础设备，采用CSMA/CD（即带冲突检测的载波监听多路访问技术)介质访问控制机制。集线器每个接口简单的收发比特，收到1就转发1，收到0就转发0，不进行碰撞检测。 \n集线器（hub）属于纯硬件网络底层设备，基本上不具有类似于交换机的\""智能记忆\""能力和\""学习\""能力。它也不具备交换机所具有的MAC地址表，所以它发送数据时都是没有针对性的，而是采用广播方式发送。也就是说当它要向某节点发送数据时，不是直接把数据发送到目的节点，而是把数据包发送到与集线器相连的所有节点，如图所示，简单明了。 \nHUB是一个多端口的转发器，当以HUB为中心设备时，网络中某条线路产生了故障，并不影响其它线路的工作。所以HUB在局域网中得到了广泛的应用。大多数的时候它用在星型与树型网络拓扑结构中，以RJ45接口与各主机相连（也有BNC接口），HUB按照不同的说法有很多种类。""]","[""集线器（英文名称：Hub）是一种网络设备，用于将多台计算机连接在同一个网络中。它通常是用来扩展网络的规模，使得计算机之间能够互相通信。集线器的作用类似于交换机，但是交换机的功能更复杂，可以进行更高级的网络交换。 \n集线器通常由多个端口组成，每个端口都可以连接一台计算机。当一台计算机向另一台计算机发送数据时，集线器会将数据收到后广播给所有连接到它的计算机，而不是仅仅发送给目标计算机。这样，所有连接到集线器的计算机都能收到数据，但是只有目标计算机会进行处理。集线器是一种半双工设备，它只能在任意时刻收发一个端口的数据，而不能同时收发多个端口的数据。""]"
86,语言学,"[""语言学（linguistics）是以人类语言为研究对象的学科，探索范围包括语言的性质、功能、结构、运用和历史发展，以及其他与语言有关的问题。语言学研究的对象是客观存在的语言事实。不管是现代的语言还是古代的语言，都是客观存在的语言现象。尽管不同话语表达的意义是带有主观性的和千差万别的，但是传递出来的语言信息却是能被别人共同理解的，语言学被普遍定义为对语言的一种科学化、系统化的理论研究。并且语言是人类最重要的交际工具，是思想的直接现实。""]","[""语言学是研究人类语言的科学。它是一门跨学科的学科，涉及语言的形式、结构、功能、发展、使用和交流等方面。语言学旨在描述和解释人类语言的各种现象，并对语言的生成、运用和变化进行研究。语言学研究的对象包括各种不同的语言，如英语、汉语、法语、俄语等，也包括人类所使用的各种交流方式，如语音、文字、手势等。语言学的研究方法包括实验、观察、归纳、推理等。""]"
87,电话,"[""电话[英语：Telephone，出自希腊语τῆλε（tēle，意为“远”）和φωνή（phōnē，意为“声音”），旧译德律风]是一种可以传送与接收声音的远程通信设备。早在18世纪欧洲已有“电话”一词，用来指用线串成的话筒（以线串起杯子）。电话的出现要归功于亚历山大·格拉汉姆·贝尔，早期电话机的原理为：说话声音为空气里的复合振动，可传输到固体上，通过电脉冲于导电金属上传递。 \n这一行业通常分为电话设备制造商和电话网络运营商。在历史上，网络运营商通常都拥有全国性的垄断。随着全球电信市场的开放和集成以及技术的发展，逐渐出现多家运营商在同一市场竞争的局面。例如，贝尔系统，即AT&T的下属公司曾拥有美国电话市场的80%。""]","[""电话（Telephone）是一种通信工具，它能够使人与人之间通过电线或无线电波进行远距离通信。电话是由发明家亚伯拉罕·卡内基在1876年发明的，当时它只能用于有线通信。后来，随着无线通信技术的发展，电话也能够用于无线通信。现在，电话已经成为人们日常生活中不可缺少的通信工具之一。""]"
88,工业控制计算机,"[""《工业控制计算机》创刊于1988年，是由江苏省科学技术厅主管，中国计算机学会工业控制计算机专业委员会、江苏省计算技术研究所有限责任公司主办的信息科技期刊。该刊是中国计算机学会工业控制计算机专业委员会会刊。 \n据2020年第4期期刊内页显示，《工业控制计算机》编辑委员会有编委20人，顾问4人；编辑部有编辑2人。 \n据2020年6月15日中国知网显示，《工业控制计算机》共出版文14263篇、总下载次数1817190次、总被引次数49832次，（2019）复合影响因子为0.463，（2019）综合影响因子为0.228。据2020年6月15日万方数据知识服务平台显示，《工业控制计算机》共载文2920篇、被引量45230次、下载量407227次，基金论文量为2097篇，2017年影响因子为0.3。""]","[""工业控制计算机（Industrial Control Computer，ICC）是一种用于工业生产环境的计算机，它被用于控制和监测工业过程。这些过程可能包括机械设备、电气设备、化学装置等。工业控制计算机通常具有高度可靠性和稳定性，能够承受工业环境中的振动、高温、湿度和其他恶劣条件。它们通常具有专门的硬件和软件，用于收集和处理传感器数据，并通过控制信号控制工业过程。工业控制计算机通常使用与传统计算机不同的操作系统，如嵌入式操作系统或实时操作系统。""]"
89,摄影测量与遥感学,"[""摄影测量和遥感学是一门艺术、科学和技术，通过使用无人操作的成像和其他传感器系统进行记录和测量，然后对数据进行分析和表示，从而获得关于地球及其环境和其他自然物体和过程的可靠信息。""]","[""摄影测量与遥感学是一门研究如何使用遥感技术来测量地球表面特征的学科。遥感技术包括使用航空摄影、卫星图像、雷达或其他方式来获取地球表面信息的技术。摄影测量与遥感学的应用范围很广，可用于地图制作、土地利用规划、资源管理、环境监测、灾害响应等领域。""]"
90,RAID控制器,"[""RAID控制器是一种硬件设备或软件程序，用于管理计算机或存储阵列中的硬盘驱动器（HDD）/固态硬盘（SSD），以便它们能如逻辑部件一样工作，各司其职。 \nRAID控制器是一种硬件设备或软件程序，用于管理计算机或存储阵列中的硬盘驱动器（HDD）/固态硬盘（SSD），以便它们能如逻辑部件一样工作，各司其职。 \n控制器提供一种居于操作系统与物理磁盘驱动器之间的抽象层次。RAID控制器按逻辑单元对应用和操作系统进行分组归类，据于此，数据保护方案得以明确。控制器具有在多重物理设备上获取多重数据备份的能力，因而系统崩溃时它提升性能和保护数据的能力就得以突显出来。 \n在基于硬盘的RAID中，物理控制器用于管理RAID阵列。控制器采用PCI或PCIe卡的形式，这是为特定驱动格式（比如SATA或SCSI）专门设计的。RAID控制器也可以只是软件，使用主机系统的硬件资源。基于软件的RAID往往提供与基于硬件的RAID相似的功能，不过，其性能通常没有基于硬件的好。""]","[""RAID（Redundant Array of Independent Disks）控制器是一种用于将多个硬盘驱动器组成一个冗余存储系统的软硬件。RAID控制器可以利用软件或硬件实现，主要用于提高硬盘的性能和可靠性。硬件RAID控制器是一个独立的硬件设备，它负责管理磁盘阵列并与主机相连。软件RAID控制器则是通过软件来管理磁盘阵列，一般都是由操作系统提供。RAID控制器的主要作用是将多个磁盘阵列组成的冗余存储系统与主机连接起来，使得磁盘阵列可以被主机所访问。""]"
91,编译语言,"[""编译语言（compiler language）是2012年公布的地理信息系统名词，出自《地理信息系统名词》第二版。 \n必须编译成可执行代码才能运行的计算机语言。 \n《地理信息系统名词》第二版。""]","[""编译语言是一种计算机编程语言，它在运行之前需要经过编译器的转换才能运行。编译器是一种计算机程序，它将编写的源代码转换为计算机可以执行的机器代码。 \n编译语言不同于解释型语言，解释型语言在运行时解释代码，而不需要进行编译。 \n编译语言通常具有较高的执行效率，因为它们在编译时已经被转换为机器代码，而解释型语言则需要在运行时解释代码，因此执行效率较低。但是，编译语言的编写、调试和维护通常较为复杂，因为需要执行编译步骤。 \n常见的编译语言包括 C、C++、Fortran 和 Pascal。""]"
92,IE7,"[""Internet Explorer 7.0，简称IE7。在2006年年尾，微软发布了rebranded代号的Internet Explorer 7，IE7被内置在2007年一月发布的微软新一代视窗操作系统Vista中，除更改新名字外，这个版本支持翻页浏览，RSS订阅，页面缩放，快速切换，Anti-Phishing过滤器和防冒网站筛选等动态安全，在一定程度上增加了Internet Explorer的安全性。 \n为了匹配Windows Vista新的半透明Aero桌面活动窗口，Internet Explorer桌面图标换成新的玻璃透明外观。 \n一个经过更多重新修改的工具栏和多界面的切换，使得Internet Explorer 7变成了一个梦想 \n喜爱菜单栏更像以前老式Internet Explorer菜单，不过添加了FEED这样新式的功能，整合了旧式的Internet Explorer，如历史记录等等，你可以添加喜爱的分类，然后把他们再分成组。 \n一个更大的Organize Favorites对话框把分类分得更细腻，方便用户更好的组织分类。 \nInternet选项对话窗口实行分级管理，去实现更好的功能管理。""]","[""IE7（Internet Explorer 7）是微软公司推出的一个版本的网页浏览器。它是基于 Internet Explorer 6 并在该版本的基础上进行了更新和升级。IE7 支持多种系统，包括 Windows XP、Windows Vista 和 Windows Server 2003。它主要用于浏览和查看网页，并提供了许多实用的功能，如书签、搜索引擎、安全模式等。""]"
93,全双工,"[""全双工（Full Duplex）是通讯传输的一个术语。通信允许数据在两个方向上同时传输，它在能力上相当于两个单工通信方式的结合。全双工指可以同时（瞬时）进行信号的双向传输（A→B且B→A）。指A→B的同时B→A，是瞬时同步的。 \n单工就是在只允许甲方向乙方传送信息，而乙方不能向甲方传送 。（比喻汽车的单行道。）""]","[""全双工（Full-Duplex）是一种通信方式，其中两个设备之间可以同时发送和接收数据。这意味着，在全双工通信中，双方可以同时进行通信，而不是轮流发送和接收数据。全双工通信常用于计算机网络中，例如在互联网上使用电子邮件或在聊天工具中进行实时通信。 \n与全双工相对的是半双工（Half-Duplex）通信，在半双工通信中，双方只能轮流发送和接收数据，不能同时进行。例如，使用无线电对讲机通信就是半双工通信。""]"
94,企业内容管理,"[""企业内容管理，是为客户提供的一种有关企业显性和隐性内容的应用软件，它管理、集成和访问从音频、视频到扫描图像的各种格式的商业信息，对象范围比传统关系数据库管理系统(RDBMS)处理的结构化数据更广，除了一般文字、文档、多媒体、流媒体外，还包括Web网页、广告、程序（如JavaScript）、软件等一切数字资产(Digital Asset)，即所有结构化的数据和非结构化的文档。内容管理解决方案重点解决各种非结构化或半结构化的数字资源的采集、管理、利用、传递和增值，并集成到结构化数据的信息系统中，如ERP、CRM等，从而为这些应用系统提供更加广泛的数据来源。""]","[""企业内容管理（Enterprise Content Management，简称ECM）是一种计算机软件技术，旨在协助企业组织、管理和分发大量电子文档和其他内容。ECM通常包括一系列工具，可以帮助企业创建、组织、存储、保护和分发内容。这些内容可以是电子文档、图像、视频、音频文件或其他数字媒体。通常，ECM系统将内容存储在一个中央位置，供用户访问和使用。ECM的目的是帮助企业更高效地管理其信息资产，以提高业务流程效率和决策能力。""]"
95,mMTC,"[""5G典型应用场景之一——mMTC，即海量机器类通信（大规模物联网） \n3GPP定义了5G应用场景的三大方向——eMBB（移动宽带增强）、mMTC（大规模物联网，更多的称为海量机器类通信）、URLLC（超高可靠低时延通信）。 \n根据未来移动通信论坛发布的《5G白皮书》，从信息交互对象不同的角度划分，未来5G应用将涵盖三大类场景：增强移动宽带（eMBB）、海量机器类通信（mMTC）和超高可靠低时延（URLLC）。其中，eMBB场景是指在现有移动宽带业务场景的基础上，对于用户体验等性能的进一步提升，主要还是追求人与人之间极致的通信体验。mMTC和URLLC则是物联网的应用场景，但各自侧重点不同：mMTC主要是人与物之间的信息交互，URLLC主要体现物与物之间的通信需求。 \nmMTC将在6GHz以下的频段发展，同时应用在大规模物联网上，较可见的发展是NB-IoT。以往普遍的Wi-Fi、Zigbee、蓝牙等，较属于家庭用的小范围技术，回传线路(Backhaul)主要都是靠LTE，近期随着大范围覆盖的NB-IoT、LoRa等技术标准的出炉，可望让物联网的发展更为广泛。""]","[""mMTC 是 Massive Machine Type Communications 的缩写，是一种用于物联网（IoT）的通信技术。它专门为大量的低功耗设备设计，旨在为这些设备提供低成本、低能耗的网络连接。 \nmMTC 可以支持数千万个设备同时连接到网络，这些设备可能包括感测器、控制器和智能家居设备等。它通常使用低带宽协议，例如 LoRaWAN 或 NB-IoT，来支持较低数据传输速率的设备。 \n在物联网应用中，mMTC 通常与其他通信技术，如 eMTC（Enhanced Machine Type Communications）和 URLLC（Ultra-Reliable Low Latency Communications）配合使用，以满足不同类型的通信需求。""]"
96,IRQ,"[""“紧急事件”须向处理器提出申请（发一个电脉冲信号），要求“中断”，即要求处理器先停下“自己手头的工作”先去处理“我的急件”，这一“申请”过程，称——中断请求。 \n为 Interrupt ReQuest的缩写，中文可译为中断请求。因为计算机中每个组成组件都会拥有一个独立的IRQ，除了使用PCI总线的PCI卡之外，每一组件都会单独占用一个 IRQ，且不能重复使用。 \n由于在计算机运行中，CPU是持续处于忙碌状态，而当硬件接口设备开始或结束收发信息，需要CPU处理信息运算时，便会透过IRQ对CPU送出中断请求讯号，让CPU储存正在进行的工作，然后暂停手边的工作，先行处理周边硬件提出的需求，这便是中断请求的作用。 \n一个中断请求（IRQ，interrupt request）的价值就在于电脑中有个特殊的装置当装置发送关于它运行的信号时可以在指定位置中断它。例如，当打印机完成了打印任务时，它就发送一个中断信号到计算机，信号即刻中断计算机以至于它能够判断下一个进程。如果多个信号同样发送到计算机请求中断，那么计算机可能不能理解，所以每个装置必须设定一个唯一值以及它到达计算机的路径。在即插即用（PnP）设备之前，当添加一个新的设备到计算机时，用户经常不得不用手动设置IRQ值（或者已经意识到这一点）。""]","[""IRQ（Interrupt Request）是计算机中一种用于处理中断请求的机制。当外部设备或软件程序需要向计算机发送中断信号时，就会使用 IRQ。每个 IRQ 都有一个编号，用于区分不同的中断。例如，键盘通常使用 IRQ1，而硬盘驱动器通常使用 IRQ14。计算机可以处理多个同时发生的中断，因此它会为每个 IRQ 分配一个优先级。当多个中断同时发生时，计算机会根据优先级的顺序处理这些中断。""]"
97,解释程序,"[""解释程序是一种语言处理程序，在词法、语法和语义分析方面与编译程序的工作原理基本相同，但在运行用户程序时，它直接执行源程序或源程序的内部形式(中间代码)。因此，解释程序并不产生目标程序，这是它和编译程序的主要区别。""]","[""解释程序是一种程序，它在运行时可以解释并执行另一种程序语言的代码。 它通常用于解释高级编程语言，例如 Python、Perl、PHP 等。 \n解释程序的工作方式是，它会一行一行地读取输入的代码，然后执行相应的操作。 这与编译程序的工作方式不同，编译程序会将整个程序的代码编译成机器语言，然后再执行。 \n解释程序的优点是，它可以在不需要重新编译的情况下更快速地执行代码，并且易于调试。 缺点是，它执行效率较低，因为每次执行都需要解释和执行代码。""]"
98,电子工程,"[""电子工程又称“弱电技术”或“信息技术”。可进一步细分为电测量技术、调整技术以及电子技术。电子工程，是电气工程的一个子类，是面向电子领域的工程学。在今天其研究对象已经超出了电子领域。 \n电子工程的应用形式涵盖了电动设备以及运用了控制技术、测量技术、调整技术、计算机技术，直至信息技术的各种电动开关。 \n电子工程的主要研究领域为电路与系统、通信、电磁场与微波技术以及数字信号处理等。""]","[""电子工程是一门涉及电子设备、电路、系统和应用的工科学科。它包括电子电路设计、微电子学、电路板设计、单片机和软件开发等方面的知识。电子工程涉及到从电子元器件到完整系统的设计和制造，并且与计算机科学、通信技术、控制工程和信息技术等领域有密切的联系。电子工程师主要负责电子产品的设计、开发、测试和维护工作。""]"
99,存储格式,"[""存储格式指对计算机信息以\""文件\""方式的存储，包括声音，图像等。 \n计算机信息多种多样，信息的存储格式也多种多样。对用户而言，计算机存储的信息都是以“文件”的形式存在。用户通过计算机应用程序可以创建并保存文件，这个过程便建立了保存文件和应用程序之间的一个“关联”，该关联链接着文件和应用程序，所谓的“文件格式”是指文件中保存的数据类型和保存的方法，与特定应用程序的文件关联直接相关的便是文件的保存格式(存储格式)，文件的扩展名便表征了这种“关联”。 \n随着计算机技术的不断发展，计算机应用的领域不断扩大，对计算机处理各种信息的能力的要求也越来越高，为了适应不同的需要，计算机信息的存储格式也越来越多样化，每种存储格式都有它的特点与用途，不同的存储格式也可以相互转化，可根据实际的需要把同一信息存成不同的格式，最常用的绘图软件AutoCAD可以存成dwg, dxf等格式，Visio绘图软件除了可以存为vsd格式，还可以存为dwg, dxf, Jpg, bmp, gif, pcx等众多图形图像格式;常用的文档演示软件PowerPoint (ppt文件)实际上是由许多张单幅图片组成的，而这些图片可以是gif文件，也可以是bmp, Jpg, wmf, tiff等格式的图形文件.这是因为信息需要在不同软件、不同版本等不同运行环境下进行传输、转换和显示。""]","[""存储格式是指在计算机中存储数据的方式。这种方式可能是文本、数字、图像或其他数据类型的二进制编码。不同的存储格式可能用于不同的目的，比如压缩大小以节省磁盘空间、提高传输速度、便于处理或其他原因。常见的存储格式包括 CSV（逗号分隔值）、JSON（JavaScript 对象表示法）、XML（可扩展标记语言）和二进制文件等。""]"
